Date,Day,T,TM,Tm,H,HI-C,DeathDate,F,M,Total
01-03-2006,1,27.6,34.5,20.3,51,39.88022217,01-03-2006,31,58,89
02-03-2006,2,28.8,35,20,55,42.74834206,02-03-2006,40,53,93
03-03-2006,3,27.9,33.1,21,60,39.77409977,03-03-2006,39,52,91
04-03-2006,4,27.6,32.5,20.5,65,40.00452776,04-03-2006,21,53,74
05-03-2006,5,26.3,34.2,22,71,47.99228018,05-03-2006,29,56,85
06-03-2006,6,27,33.2,20.4,63,41.17831339,06-03-2006,31,48,79
07-03-2006,7,25.6,33.3,21.8,76,47.28397447,07-03-2006,29,50,79
08-03-2006,8,27.1,33.1,19.9,57,38.71232839,08-03-2006,34,51,85
09-03-2006,9,26.9,32,20,59,36.77512633,09-03-2006,29,44,73
10-03-2006,10,21.4,26.7,17.9,85,29.48056155,10-03-2006,29,75,104
11-03-2006,11,23.8,29.8,16.8,60,32.45510737,11-03-2006,33,45,78
12-03-2006,12,25.8,31.5,16.5,53,34.14722343,12-03-2006,33,66,99
13-03-2006,13,26.9,31.4,17.7,54,34.1933344,13-03-2006,28,49,77
14-03-2006,14,27.9,32.6,20.5,61,38.85398835,14-03-2006,33,55,88
15-03-2006,15,27.7,33.7,21.1,51,38.0686808,15-03-2006,21,42,63
16-03-2006,16,27.9,34.3,21.8,47,38.03724928,16-03-2006,32,51,83
17-03-2006,17,28.1,35,21,53,41.89170688,17-03-2006,35,63,98
18-03-2006,18,27.9,33.3,22.6,53,37.83985393,18-03-2006,28,57,85
19-03-2006,19,26.8,33,21.4,63,40.62756844,19-03-2006,33,64,97
20-03-2006,20,28.6,34.5,21,46,38.12499418,20-03-2006,45,54,99
21-03-2006,21,31,37.5,20.1,40,42.30050629,21-03-2006,26,54,80
22-03-2006,22,30.3,37,21.9,36,39.69669687,22-03-2006,31,54,85
23-03-2006,23,29.8,36.2,20,30,36.47199598,23-03-2006,33,53,86
24-03-2006,24,29.8,37,18.7,33,38.67506769,24-03-2006,41,66,107
25-03-2006,25,31.2,38,19,38,42.53186433,25-03-2006,38,47,85
26-03-2006,26,32.3,39,21.2,42,46.83457587,26-03-2006,35,67,102
27-03-2006,27,32.3,38,24.4,40,43.42298232,27-03-2006,32,59,91
28-03-2006,28,31.7,37.7,23.9,44,44.59942457,28-03-2006,41,57,98
29-03-2006,29,29.7,34.9,22.6,54,42.05599382,29-03-2006,28,54,82
30-03-2006,30,30.9,36.6,22,52,45.6930703,30-03-2006,28,39,67
31-03-2006,31,31.4,38.1,22.3,42,44.60244969,31-03-2006,27,53,80
01-04-2006,1,33.4,38.1,23.5,38,42.74908121,01-04-2006,34,63,97
02-04-2006,2,32.2,38,25.8,40,43.42298232,02-04-2006,42,56,98
03-04-2006,3,31.9,38,25.1,45,45.85973585,03-04-2006,36,71,107
04-04-2006,4,33.2,39,24.4,35,43.34578421,04-04-2006,35,56,91
05-04-2006,5,33.6,39,23.4,33,42.46454462,05-04-2006,34,58,92
06-04-2006,6,33.9,40.1,23,29,42.88649704,06-04-2006,45,57,102
07-04-2006,7,33.6,40.8,23.2,38,49.11717087,07-04-2006,34,52,86
08-04-2006,8,33.5,40.2,24.8,40,48.78023095,08-04-2006,35,60,95
09-04-2006,9,33.7,40.5,24.6,43,51.47266478,09-04-2006,32,66,98
10-04-2006,10,31.4,38.4,23.8,55,52.94680007,10-04-2006,38,64,102
11-04-2006,11,31,38.6,23.6,55,53.61763053,11-04-2006,34,58,92
12-04-2006,12,33.4,40.1,24.1,42,49.7261153,12-04-2006,29,44,73
13-04-2006,13,30.4,37,19.9,57,49.62687194,13-04-2006,35,67,102
14-04-2006,14,31.4,37,23.8,50,45.77649703,14-04-2006,32,64,96
15-04-2006,15,31.5,37.2,22.8,44,43.38218793,15-04-2006,27,46,73
16-04-2006,16,27.2,33.9,21.2,69,45.94777165,16-04-2006,22,61,83
17-04-2006,17,26.2,29.2,19.2,69,32.97473893,17-04-2006,31,58,89
18-04-2006,18,29.4,33.7,21,53,38.74390812,18-04-2006,31,62,93
19-04-2006,19,30.5,35,21.8,54,42.31544614,19-04-2006,25,44,69
20-04-2006,20,31.8,36,21.8,41,39.49815016,20-04-2006,26,68,94
21-04-2006,21,32,37,23.3,44,42.90622355,21-04-2006,32,57,89
22-04-2006,22,32.5,37.4,22.6,43,43.40126681,22-04-2006,34,57,91
23-04-2006,23,32.3,38.3,23,46,47.18404056,23-04-2006,29,56,85
24-04-2006,24,34,39,24.2,41,46.29765772,24-04-2006,33,64,97
25-04-2006,25,34.7,39.2,25.7,39,45.7369586,25-04-2006,55,66,121
26-04-2006,26,34.6,39.1,25.4,42,47.09001649,26-04-2006,40,74,114
27-04-2006,27,32.4,40.2,24.6,36,46.51170419,27-04-2006,34,65,99
28-04-2006,28,32.2,40.6,23.6,33,45.82316896,28-04-2006,36,44,80
29-04-2006,29,33.4,40.6,24.6,37,48.0258784,29-04-2006,37,64,101
30-04-2006,30,33.6,40.7,25.1,35,47.12823758,30-04-2006,38,64,102
01-05-2006,1,33.8,41.6,21.5,37,50.53608087,01-05-2006,41,72,113
02-05-2006,2,30.4,36.8,26,59,50.16269054,02-05-2006,36,63,99
03-05-2006,3,30.4,37.4,24.8,54,49.12238394,03-05-2006,40,78,118
04-05-2006,4,31.5,37.6,22.4,45,44.83946371,04-05-2006,28,64,92
05-05-2006,5,32.2,38.3,24.8,47,47.73856003,05-05-2006,34,78,112
06-05-2006,6,31.2,39.4,25.2,47,50.87614956,06-05-2006,24,51,75
07-05-2006,7,33.1,39.8,25.4,43,49.52211996,07-05-2006,34,71,105
08-05-2006,8,31.7,41,24.4,50,58.12239734,08-05-2006,31,69,100
09-05-2006,9,33.3,40,21.2,48,53.35757071,09-05-2006,28,57,85
10-05-2006,10,37,40.4,27.6,36,46.9802591,10-05-2006,36,69,105
11-05-2006,11,34.2,41,23.8,28,44.15389074,11-05-2006,43,68,111
12-05-2006,12,34.9,41,25.4,29,44.63557136,12-05-2006,39,63,102
13-05-2006,13,34.6,42,25.8,34,49.62123552,13-05-2006,39,82,121
14-05-2006,14,34.9,41.2,28,36,48.90461632,14-05-2006,42,73,115
15-05-2006,15,36.5,41.2,28.5,30,45.54349457,15-05-2006,34,80,114
16-05-2006,16,35.6,41.9,27.4,30,47.01627644,16-05-2006,49,81,130
17-05-2006,17,34.3,41,27.4,43,52.91161504,17-05-2006,44,86,130
18-05-2006,18,33.7,38.5,27.4,43,46.09773007,18-05-2006,53,82,135
19-05-2006,19,32.6,37.2,24.4,42,42.49063443,19-05-2006,40,65,105
20-05-2006,20,32.8,37.6,27.2,41,42.96248666,20-05-2006,33,76,109
21-05-2006,21,33.4,38,27.2,39,42.97145308,21-05-2006,32,67,99
22-05-2006,22,33.2,39,27.2,40,45.77357935,22-05-2006,43,72,115
23-05-2006,23,33.3,38,27,40,43.42298232,23-05-2006,25,63,88
24-05-2006,24,29.6,35.6,23.2,61,47.40571382,24-05-2006,31,55,86
25-05-2006,25,28,35,23.6,67,48.65731126,25-05-2006,37,56,93
26-05-2006,26,28.3,33.4,23,66,42.98917633,26-05-2006,29,54,83
27-05-2006,27,29.3,32.3,23.7,66,39.81613902,27-05-2006,32,64,96
28-05-2006,28,29.1,35.7,25,68,51.74461155,28-05-2006,27,76,103
29-05-2006,29,30.4,36,24.6,64,50.42243795,29-05-2006,38,69,107
30-05-2006,30,30.8,36,25.4,61,48.69456323,30-05-2006,33,55,88
31-05-2006,31,29.9,32,25.1,64,38.33335376,31-05-2006,24,64,88
01-06-2006,1,29.8,35,24.2,59,44.57149214,01-06-2006,38,69,107
02-06-2006,2,28.1,34,24.2,67,45.31301627,02-06-2006,28,56,84
03-06-2006,3,28.1,34.2,23.3,63,44.067415,03-06-2006,23,65,88
04-06-2006,4,28.3,33.3,23.6,65,42.27077626,04-06-2006,36,71,107
05-06-2006,5,27.7,32,24.2,67,39.3432164,05-06-2006,31,54,85
06-06-2006,6,29.8,34.4,23.6,58,42.42836978,06-06-2006,32,63,95
07-06-2006,7,30.4,36.1,24.8,51,43.85341099,07-06-2006,28,61,89
08-06-2006,8,31.2,37.1,25.5,49,45.53803062,08-06-2006,30,71,101
09-06-2006,9,30.7,38.2,26.4,54,51.63886483,09-06-2006,34,57,91
10-06-2006,10,29.2,35.6,25.5,61,47.40571382,10-06-2006,22,68,90
11-06-2006,11,30.7,36.3,24.7,56,46.90378034,11-06-2006,32,54,86
12-06-2006,12,32.3,37.2,26,50,46.32590618,12-06-2006,37,65,102
13-06-2006,13,31.9,37.5,26.7,49,46.62544261,13-06-2006,43,66,109
14-06-2006,14,30.8,34.6,27,54,41.28923847,14-06-2006,29,67,96
15-06-2006,15,32.7,38.8,26.4,50,50.97843109,15-06-2006,39,65,104
16-06-2006,16,28.9,33.1,23.4,64,41.2923708,16-06-2006,20,58,78
17-06-2006,17,30.6,38.1,24.2,62,56.75674703,17-06-2006,33,54,87
18-06-2006,18,29.1,33.5,23.1,62,41.61330268,18-06-2006,30,49,79
19-06-2006,19,32.6,36.9,24.8,52,46.53657944,19-06-2006,37,70,107
20-06-2006,20,28.3,31.4,22.9,71,39.02214342,20-06-2006,35,50,85
21-06-2006,21,28.4,32.4,24,70,41.6034878,21-06-2006,38,64,102
22-06-2006,22,27.9,31.3,23.4,69,38.09826895,22-06-2006,42,65,107
23-06-2006,23,27.8,31,25,77,39.83783646,23-06-2006,35,56,91
24-06-2006,24,27.8,30,24.4,72,35.52997874,24-06-2006,40,48,88
25-06-2006,25,26.7,31.7,23.6,75,41.34117732,25-06-2006,41,68,109
26-06-2006,26,29.3,33.1,23.2,61,40.14267726,26-06-2006,33,67,100
27-06-2006,27,29.1,33.7,24.2,65,43.45973437,27-06-2006,41,59,100
28-06-2006,28,27.6,32,24.4,73,41.53152559,28-06-2006,35,70,105
29-06-2006,29,26.8,29,23.8,78,34.312917,29-06-2006,33,84,117
30-06-2006,30,28.2,32,23.9,67,39.3432164,30-06-2006,35,67,102
01-03-2007,1,28.2,35.3,20.2,33,35.81114759,01-03-2007,47,71,118
02-03-2007,2,26.9,33.9,20.2,32,33.50871679,02-03-2007,42,54,96
03-03-2007,3,27.8,35,18.5,32,35.10836714,03-03-2007,31,59,90
04-03-2007,4,28.6,34.2,18.7,44,36.89853838,04-03-2007,46,64,110
05-03-2007,5,28.4,33.4,21.3,48,36.51121117,05-03-2007,30,67,97
06-03-2007,6,29.2,34,21.7,45,36.80852916,06-03-2007,36,73,109
07-03-2007,7,30.4,36,15.6,42,39.86203107,07-03-2007,38,59,97
08-03-2007,8,30.1,37,22.2,38,40.43291733,08-03-2007,49,69,118
09-03-2007,9,28.7,36.1,20.9,52,44.32442823,09-03-2007,24,47,71
10-03-2007,10,28.3,35,20.7,55,42.74834206,10-03-2007,30,71,101
11-03-2007,11,28.1,34,20.7,54,39.80793516,11-03-2007,29,50,79
12-03-2007,12,28.9,34.5,20.9,43,37.17601898,12-03-2007,40,78,118
13-03-2007,13,27.4,34.2,19.7,47,37.82904609,13-03-2007,36,47,83
14-03-2007,14,29.1,35,19.1,46,39.18191806,14-03-2007,34,57,91
15-03-2007,15,29.8,35.5,21,40,38.16275212,15-03-2007,30,38,68
16-03-2007,16,29.3,34.4,21.5,37,35.34735952,16-03-2007,27,59,86
17-03-2007,17,28.6,36.6,19,27,36.33265113,17-03-2007,35,67,102
18-03-2007,18,31.3,36.9,19.7,32,38.18375593,18-03-2007,39,57,96
19-03-2007,19,30.2,37.7,20.5,32,39.5970231,19-03-2007,38,67,105
20-03-2007,20,30.8,39.3,21.3,34,43.52340613,20-03-2007,42,69,111
21-03-2007,21,31.7,38.4,25.3,34,41.68114633,21-03-2007,40,60,100
22-03-2007,22,31.6,37.5,25.1,41,42.73511289,22-03-2007,32,60,92
23-03-2007,23,31.5,38.9,23.5,45,48.24890872,23-03-2007,42,66,108
24-03-2007,24,31.3,38.4,25,42,45.33312387,24-03-2007,45,57,102
25-03-2007,25,30.9,38.9,23.6,41,46.05002551,25-03-2007,43,58,101
26-03-2007,26,32.6,38.9,24.2,29,40.67742351,26-03-2007,51,70,121
27-03-2007,27,32.2,38.3,24.3,40,44.11337113,27-03-2007,44,56,100
28-03-2007,28,31.6,38.4,22,38,43.4087197,28-03-2007,48,58,106
29-03-2007,29,30.4,36.6,22.1,44,41.97303238,29-03-2007,54,62,116
30-03-2007,30,31,36.8,21.9,35,38.97177563,30-03-2007,36,50,86
31-03-2007,31,30.9,37,23,35,39.34512694,31-03-2007,36,58,94
01-04-2007,1,31.3,38.8,21.7,35,42.92386124,01-04-2007,28,69,97
02-04-2007,2,32.1,39.3,23.2,37,44.95583566,02-04-2007,31,55,86
03-04-2007,3,33.6,40.8,24.5,31,45.2229005,03-04-2007,39,58,97
04-04-2007,4,32.4,39.6,24,41,47.81383864,04-04-2007,34,54,88
05-04-2007,5,31.8,37.6,25,40,42.5221843,05-04-2007,48,46,94
06-04-2007,6,31.4,39.3,22.6,39,45.97632255,06-04-2007,34,51,85
07-04-2007,7,32,38.9,23,38,44.53474331,07-04-2007,37,52,89
08-04-2007,8,31.9,38.6,25,42,45.82766659,08-04-2007,40,40,80
09-04-2007,9,31.2,38,23.8,47,46.91802068,09-04-2007,39,81,120
10-04-2007,10,30.2,38.3,23.6,54,51.96212617,10-04-2007,39,37,76
11-04-2007,11,30.5,37.6,24,52,48.56987881,11-04-2007,40,55,95
12-04-2007,12,29.9,37,22.9,50,45.77649703,12-04-2007,36,42,78
13-04-2007,13,29.9,37.4,23,52,47.97963451,13-04-2007,27,53,80
14-04-2007,14,30.2,36,21,41,39.49815016,14-04-2007,41,64,105
15-04-2007,15,30.3,36.2,21.6,48,42.74734509,15-04-2007,31,49,80
16-04-2007,16,29.7,35,20.7,47,39.54156081,16-04-2007,47,70,117
17-04-2007,17,28.9,35.8,23.4,53,43.98816493,17-04-2007,38,63,101
18-04-2007,18,29.2,35,24.2,54,42.31544614,18-04-2007,44,63,107
19-04-2007,19,28.9,34,22.4,61,42.60000875,19-04-2007,34,50,84
20-04-2007,20,30.4,35,23.9,52,41.47712426,20-04-2007,36,68,104
21-04-2007,21,32.2,38.4,24,38,43.4087197,21-04-2007,45,69,114
22-04-2007,22,33.3,38.9,25.7,40,45.53218095,22-04-2007,26,55,81
23-04-2007,23,33.2,39.3,24.4,26,40.2802921,23-04-2007,39,62,101
24-04-2007,24,33.7,40.4,23.4,24,41.36902951,24-04-2007,33,52,85
25-04-2007,25,34.8,40,23.2,23,40.35990904,25-04-2007,44,44,88
26-04-2007,26,34.4,41,25.8,37,49.01445005,26-04-2007,44,78,122
27-04-2007,27,35.1,40.3,26.4,33,45.17128338,27-04-2007,46,49,95
28-04-2007,28,35,39.5,26.3,37,45.41393303,28-04-2007,40,71,111
29-04-2007,29,35.1,41.1,26.6,34,47.49345072,29-04-2007,48,60,108
30-04-2007,30,33.6,40.1,27.7,46,52.30023662,30-04-2007,47,80,127
01-05-2007,1,33.1,41.2,26.6,45,54.94312466,01-05-2007,48,67,115
02-05-2007,2,34.6,40.5,27,38,48.36167832,02-05-2007,47,55,102
03-05-2007,3,31.6,39.2,25.7,56,56.40933275,03-05-2007,62,71,133
04-05-2007,4,33.9,39.6,24.5,38,46.16709123,04-05-2007,37,69,106
05-05-2007,5,33.4,39.6,22.7,39,46.70263456,05-05-2007,43,75,118
06-05-2007,6,33.9,41.9,26.7,40,53.38687389,06-05-2007,36,65,101
07-05-2007,7,33.1,39.7,27.5,39,46.94747861,07-05-2007,45,78,123
08-05-2007,8,32.7,41.6,27.1,35,49.272785,08-05-2007,56,62,118
09-05-2007,9,33.3,41.1,27,32,46.38594343,09-05-2007,35,72,107
10-05-2007,10,32.4,42.1,28,43,56.21137055,10-05-2007,45,57,102
11-05-2007,11,34.2,42.5,28,37,52.90576711,11-05-2007,45,84,129
12-05-2007,12,35.8,42.5,29.3,22,44.02794979,12-05-2007,46,61,107
13-05-2007,13,34.8,42.3,26.7,22,43.69126424,13-05-2007,52,66,118
14-05-2007,14,35.6,41.3,27.1,22,42.04937607,14-05-2007,47,67,114
15-05-2007,15,35.7,41.3,27.7,21,41.65353473,15-05-2007,41,82,123
16-05-2007,16,34.3,40.6,27.3,24,41.7006302,16-05-2007,36,56,92
17-05-2007,17,34.8,41.2,26.8,26,43.59810251,17-05-2007,58,71,129
18-05-2007,18,35.7,41.7,28,29,46.05064054,18-05-2007,54,81,135
19-05-2007,19,35.7,40.6,28.4,31,44.80730732,19-05-2007,47,69,116
20-05-2007,20,33.7,40.8,30,38,49.11717087,20-05-2007,48,80,128
21-05-2007,21,34.7,40.5,29.4,34,46.12780252,21-05-2007,50,84,134
22-05-2007,22,34.6,40,28.1,33,44.52961788,22-05-2007,43,48,91
23-05-2007,23,32.7,40,25,45,51.34493474,23-05-2007,38,62,100
24-05-2007,24,29.7,37.4,23.3,59,52.17865316,24-05-2007,38,49,87
25-05-2007,25,33,40.4,25.1,46,53.20450277,25-05-2007,33,58,91
26-05-2007,26,35.2,41.2,27.7,32,46.60479734,26-05-2007,43,51,94
27-05-2007,27,34.2,40.9,26.2,33,46.48527464,27-05-2007,42,49,91
28-05-2007,28,31.9,38.6,24.2,43,46.35200388,28-05-2007,38,68,106
29-05-2007,29,29.2,34.9,22,57,43.36378617,29-05-2007,45,54,99
30-05-2007,30,31.8,38.5,25.4,49,49.46642552,30-05-2007,28,51,79
31-05-2007,31,34.9,41,26.2,36,48.41600638,31-05-2007,41,55,96
01-06-2007,1,34.1,40.3,27.4,38,47.86467316,01-06-2007,28,54,82
02-06-2007,2,32.7,37.5,24.9,42,43.18120497,02-06-2007,38,61,99
03-06-2007,3,31.6,39.2,25.5,48,50.91839393,03-06-2007,43,54,97
04-06-2007,4,33.7,40.2,24.4,41,49.38211269,04-06-2007,45,76,121
05-06-2007,5,33.4,39.2,24.4,39,45.7369586,05-06-2007,44,50,94
06-06-2007,6,31,39,26.2,57,56.42912176,06-06-2007,36,56,92
07-06-2007,7,25.4,30,22,72,35.52997874,07-06-2007,45,52,97
08-06-2007,8,31.3,37,22.1,52,46.8214698,08-06-2007,33,48,81
09-06-2007,9,30.8,37,25.4,54,47.91055005,09-06-2007,40,43,83
10-06-2007,10,30.1,36.5,24.3,62,50.95642165,10-06-2007,31,60,91
11-06-2007,11,29.7,33,25.2,63,40.62756844,11-06-2007,46,60,106
12-06-2007,12,29.4,35.6,26,68,51.37512453,12-06-2007,27,57,84
13-06-2007,13,29.4,35.6,22.7,68,51.37512453,13-06-2007,42,49,91
14-06-2007,14,28.2,33.4,24.7,73,46.17506506,14-06-2007,33,60,93
15-06-2007,15,30.4,33,24.6,60,39.51791192,15-06-2007,35,53,88
16-06-2007,16,31.3,36.1,23.8,54,45.29703978,16-06-2007,39,43,82
17-06-2007,17,31.3,36.6,24.6,50,44.69911637,17-06-2007,32,71,103
18-06-2007,18,31.8,35.7,24.7,46,40.73036722,18-06-2007,42,41,83
19-06-2007,19,29.3,34.4,24.4,55,41.18501805,19-06-2007,39,83,122
20-06-2007,20,26.8,31.2,22.8,78,40.82617213,20-06-2007,30,51,81
21-06-2007,21,26.6,31.7,23.2,79,42.88925377,21-06-2007,35,51,86
22-06-2007,22,25.6,29.6,22.2,84,37.52134334,22-06-2007,34,52,86
23-06-2007,23,24.7,27,22,85,30.22388088,23-06-2007,29,44,73
24-06-2007,24,25.3,29.1,21.7,81,35.24675112,24-06-2007,46,30,76
25-06-2007,25,27.9,32.1,21.4,64,38.59089822,25-06-2007,45,65,110
26-06-2007,26,26,28.7,22.4,76,33.14976864,26-06-2007,55,52,107
27-06-2007,27,25.1,28.1,22.3,79,32.19143024,27-06-2007,37,54,91
28-06-2007,28,26.1,29,21,73,33.29787408,28-06-2007,39,72,111
29-06-2007,29,25.6,27,22,73,29.10937171,29-06-2007,37,74,111
30-06-2007,30,26.2,28,22,71,30.79999628,30-06-2007,49,46,95
01-03-2008,1,27.6,35,18.2,32,35.10836714,01-03-2008,37,54,91
02-03-2008,2,27.6,34.9,18.2,35,35.66718931,02-03-2008,37,49,86
03-03-2008,3,27.2,35.1,17.8,32,35.26036583,03-03-2008,31,59,90
04-03-2008,4,29.1,36,19,33,36.95066402,04-03-2008,39,57,96
05-03-2008,5,28.4,37,18.6,36,39.69669687,05-03-2008,38,63,101
06-03-2008,6,28.7,35.5,20,31,35.63722455,06-03-2008,33,60,93
07-03-2008,7,27.8,35.3,19,33,35.81114759,07-03-2008,47,57,104
08-03-2008,8,28.7,36.1,21,29,36.06969893,08-03-2008,46,63,109
09-03-2008,9,27.7,35.4,18,31,35.48488192,09-03-2008,33,58,91
10-03-2008,10,27.6,35.1,19,34,35.74046879,10-03-2008,24,56,80
11-03-2008,11,27.2,34.6,19,37,35.67879732,11-03-2008,35,45,80
12-03-2008,12,27.6,34,19,36,34.47332644,12-03-2008,36,65,101
13-03-2008,13,28.4,34.2,22,36,34.78645482,13-03-2008,27,57,84
14-03-2008,14,27.5,33.4,23,48,36.51121117,14-03-2008,31,70,101
15-03-2008,15,28.3,35.2,23,51,41.561053,15-03-2008,31,46,77
16-03-2008,16,28.8,35.1,24,49,40.52080938,16-03-2008,17,72,89
17-03-2008,17,29.8,36,24.3,41,39.49815016,17-03-2008,21,47,68
18-03-2008,18,29.2,36.6,24,41,40.7538654,18-03-2008,35,64,99
19-03-2008,19,30,35.9,24,47,41.5962478,19-03-2008,33,68,101
20-03-2008,20,29.8,36.3,23.6,45,41.70030479,20-03-2008,41,54,95
21-03-2008,21,26.1,34.1,22,70,47.1250098,21-03-2008,17,52,69
22-03-2008,22,23.3,29.9,20,86,39.12307782,22-03-2008,29,49,78
23-03-2008,23,21.5,23.2,20,95,NA,23-03-2008,37,66,103
24-03-2008,24,24.1,28,20.8,82,32.41151006,24-03-2008,19,63,82
25-03-2008,25,26.9,31.5,22.4,74,40.34947949,25-03-2008,36,70,106
26-03-2008,26,25.6,30.8,23,82,40.90117305,26-03-2008,43,46,89
27-03-2008,27,26.5,33.4,21.8,75,47.15389179,27-03-2008,47,62,109
28-03-2008,28,28.6,34.3,21,58,42.15671105,28-03-2008,29,60,89
29-03-2008,29,29.9,34.9,22.5,60,44.75313319,29-03-2008,33,50,83
30-03-2008,30,28.8,34.9,24,68,48.85677024,30-03-2008,32,57,89
31-03-2008,31,27.1,31.9,21.6,67,39.06988406,31-03-2008,34,62,96
01-04-2008,1,29.6,36.4,24,52,45.1400325,01-04-2008,27,68,95
02-04-2008,2,29.6,35.4,21.8,49,41.2287847,02-04-2008,31,45,76
03-04-2008,3,30.2,35.4,23.4,36,36.77051406,03-04-2008,33,65,98
04-04-2008,4,31.3,36,22.5,37,38.14361573,04-04-2008,34,64,98
05-04-2008,5,29.5,35,24,45,38.83143194,05-04-2008,29,44,73
06-04-2008,6,28.5,33.5,22.8,59,40.43545015,06-04-2008,33,51,84
07-04-2008,7,27.1,32,21.4,57,36.1955423,07-04-2008,40,39,79
08-04-2008,8,27.3,32.8,22,59,38.66809855,08-04-2008,34,53,87
09-04-2008,9,28.7,34,22.6,55,40.18220269,09-04-2008,31,46,77
10-04-2008,10,29.7,35.8,21.9,42,39.44472499,10-04-2008,31,54,85
11-04-2008,11,30.6,36.3,21.6,34,37.75266516,11-04-2008,42,50,92
12-04-2008,12,32,37.5,22.4,34,39.93406154,12-04-2008,24,58,82
13-04-2008,13,32.6,38.2,23.7,31,40.14974409,13-04-2008,31,64,95
14-04-2008,14,32.2,38.5,25.6,37,43.17514394,14-04-2008,40,64,104
15-04-2008,15,32,37.4,24.8,38,41.25652045,15-04-2008,24,47,71
16-04-2008,16,32.5,38,25,44,45.34850417,16-04-2008,32,66,98
17-04-2008,17,33.1,39,24.8,42,46.83457587,17-04-2008,28,54,82
18-04-2008,18,34.2,40.3,25.2,32,44.67456774,18-04-2008,36,67,103
19-04-2008,19,33.6,40,24.4,29,42.69703741,19-04-2008,23,59,82
20-04-2008,20,33.3,40,24.4,35,45.52825658,20-04-2008,39,72,111
21-04-2008,21,33.6,40.9,22,30,44.92754837,21-04-2008,45,71,116
22-04-2008,22,34.1,41,24.4,31,45.64271875,22-04-2008,33,92,125
23-04-2008,23,34.5,41,23.4,26,43.23431563,23-04-2008,37,71,108
24-04-2008,24,32.8,37.8,28.2,44,44.8475563,24-04-2008,48,73,121
25-04-2008,25,32.7,38,22.4,32,40.14508207,25-04-2008,34,68,102
26-04-2008,26,32.1,38.1,24.6,35,41.48538101,26-04-2008,44,48,92
27-04-2008,27,32.9,39,23.8,36,43.80566368,27-04-2008,33,61,94
28-04-2008,28,35.2,40.3,24.2,33,45.17128338,28-04-2008,34,76,110
29-04-2008,29,34.3,41.6,23.7,32,47.49117283,29-04-2008,37,46,83
30-04-2008,30,36.3,41,25.8,30,45.13184737,30-04-2008,38,60,98
01-05-2008,1,34.6,41.9,27.4,27,45.4047479,01-05-2008,40,64,104
02-05-2008,2,34.1,40.1,25.6,29,42.88649704,02-05-2008,43,72,115
03-05-2008,3,33.4,40,22.5,24,40.71511858,03-05-2008,56,67,123
04-05-2008,4,33,40.4,25.6,27,42.58182821,04-05-2008,46,61,107
05-05-2008,5,35,40,28,22,40.01842426,05-05-2008,45,85,130
06-05-2008,6,33.9,40,25.6,27,41.86309564,06-05-2008,50,58,108
07-05-2008,7,33.9,39.9,22.7,29,42.50855418,07-05-2008,33,66,99
08-05-2008,8,34.7,40,26.1,30,43.13459541,08-05-2008,39,87,126
09-05-2008,9,33.8,40.8,25.5,27,43.31489594,09-05-2008,30,56,86
10-05-2008,10,34.4,40.2,26.2,33,44.95625931,10-05-2008,39,84,123
11-05-2008,11,34.1,40,27.7,33,44.52961788,11-05-2008,43,67,110
12-05-2008,12,34.3,40.4,27,31,44.3959392,12-05-2008,59,49,108
13-05-2008,13,34.5,40.2,26.7,25,41.42000708,13-05-2008,28,76,104
14-05-2008,14,35.7,40.4,27.5,27,42.58182821,14-05-2008,54,79,133
15-05-2008,15,34.8,40.5,28.4,37,47.78196659,15-05-2008,39,65,104
16-05-2008,16,34.7,41.1,28,34,47.49345072,16-05-2008,46,68,114
17-05-2008,17,34.9,41,26.6,31,45.64271875,17-05-2008,18,62,80
18-05-2008,18,35.7,40.9,27,32,45.95152359,18-05-2008,30,64,94
19-05-2008,19,35.4,40.5,27.8,26,42.33981988,19-05-2008,43,54,97
20-05-2008,20,32.9,38,23,37,42.10421606,20-05-2008,43,62,105
21-05-2008,21,30.1,36.5,23.2,49,43.95939248,21-05-2008,38,59,97
22-05-2008,22,30,38.2,23.6,54,51.63886483,22-05-2008,25,64,89
23-05-2008,23,32.3,39,22.5,42,46.83457587,23-05-2008,39,47,86
24-05-2008,24,33.1,38.5,26,42,45.57965257,24-05-2008,32,68,100
25-05-2008,25,35.1,40.5,27.2,32,45.09583574,25-05-2008,28,80,108
26-05-2008,26,32.4,38.9,28,47,49.4248533,26-05-2008,56,60,116
27-05-2008,27,36.1,41.8,27.4,27,45.21028162,27-05-2008,51,60,111
28-05-2008,28,34.3,41.2,28.6,37,49.51649054,28-05-2008,45,53,98
29-05-2008,29,33.3,40.9,26,34,47.03353465,29-05-2008,46,67,113
30-05-2008,30,34.3,40.3,25,35,46.20667697,30-05-2008,42,74,116
31-05-2008,31,32.5,36,28,43,40.2360109,31-05-2008,32,57,89
01-06-2008,1,33,39.6,26.5,41,47.81383864,01-06-2008,27,56,83
02-06-2008,2,32.3,37.2,26.8,46,44.31858439,02-06-2008,31,66,97
03-06-2008,3,32.9,38.1,27,44,45.6013203,03-06-2008,35,59,94
04-06-2008,4,31.3,38.1,25.7,52,50.07804524,04-06-2008,49,65,114
05-06-2008,5,32.7,37.6,26.2,45,44.83946371,05-06-2008,41,62,103
06-06-2008,6,31.1,37.1,25.8,49,45.53803062,06-06-2008,33,86,119
07-06-2008,7,31.2,35.7,25.5,53,43.71946805,07-06-2008,39,53,92
08-06-2008,8,29.6,34.4,24.4,57,42.0053348,08-06-2008,43,64,107
09-06-2008,9,30.9,35.9,24.7,52,43.78999367,09-06-2008,30,62,92
10-06-2008,10,31.1,35.5,24.6,49,41.46827513,10-06-2008,29,48,77
11-06-2008,11,29.8,35,25.6,53,41.89170688,11-06-2008,26,40,66
12-06-2008,12,27,32.2,24,71,41.38237081,12-06-2008,28,55,83
13-06-2008,13,27.8,31.8,22.4,65,38.14369688,13-06-2008,38,45,83
14-06-2008,14,28.8,33.5,23,55,38.97300922,14-06-2008,33,43,76
15-06-2008,15,28.2,32,23,59,36.77512633,15-06-2008,40,59,99
16-06-2008,16,29.6,34.4,23.8,53,40.3990389,16-06-2008,29,66,95
17-06-2008,17,28.6,33.4,24.5,55,38.73708062,17-06-2008,30,79,109
18-06-2008,18,30.6,35,24.5,48,39.91036021,18-06-2008,32,61,93
19-06-2008,19,31.7,35.6,25.1,45,40.12194126,19-06-2008,47,69,116
20-06-2008,20,30.9,37.3,25,46,44.5708952,20-06-2008,29,75,104
21-06-2008,21,30.5,36.6,25.4,49,44.21812552,21-06-2008,41,54,95
22-06-2008,22,30.2,32.6,26.6,48,34.97599272,22-06-2008,33,61,94
23-06-2008,23,31.2,36.6,25.2,49,44.21812552,23-06-2008,27,58,85
24-06-2008,24,28,33.5,22.8,62,41.61330268,24-06-2008,22,56,78
25-06-2008,25,26.9,31.3,23,71,38.73851512,25-06-2008,32,42,74
26-06-2008,26,27.7,32.2,22.8,67,39.89706898,26-06-2008,34,61,95
27-06-2008,27,26.2,30.7,21.8,77,38.90794025,27-06-2008,30,60,90
28-06-2008,28,27.4,31.4,24,68,38.05143854,28-06-2008,26,65,91
29-06-2008,29,27.9,33.3,23,63,41.45707028,29-06-2008,40,55,95
30-06-2008,30,29.2,34.3,23.2,60,43.01605493,30-06-2008,35,51,86
01-03-2009,1,29.4,37.9,19,26,38.03321253,01-03-2009,48,91,139
02-03-2009,2,32.5,37.7,22.2,23,36.94783919,02-03-2009,59,78,137
03-03-2009,3,29.7,38.7,18,33,41.86716617,03-03-2009,58,83,141
04-03-2009,4,29.4,38.2,18,36,42.10191185,04-03-2009,44,77,121
05-03-2009,5,29.7,39,20,33,42.46454462,05-03-2009,48,71,119
06-03-2009,6,29.9,38.9,19,28,40.3125849,06-03-2009,41,90,131
07-03-2009,7,31.2,37.7,19.8,25,37.45487138,07-03-2009,42,93,135
08-03-2009,8,29.4,36.4,20,36,38.56177512,08-03-2009,46,79,125
09-03-2009,9,29.2,36,20,30,36.16198891,09-03-2009,42,81,123
10-03-2009,10,27.1,32.6,20,32,31.78919493,10-03-2009,47,87,134
11-03-2009,11,28.5,34.6,19,36,35.42775287,11-03-2009,43,82,125
12-03-2009,12,29.7,36.2,19,25,35.32026869,12-03-2009,46,77,123
13-03-2009,13,28.4,34.6,19,31,34.30416645,13-03-2009,32,71,103
14-03-2009,14,28.3,34.2,20.4,29,33.37898835,14-03-2009,53,78,131
15-03-2009,15,25.1,29.4,21.5,38,28.83162905,15-03-2009,56,89,145
16-03-2009,16,28.3,35.9,16.5,23,34.54812511,16-03-2009,45,89,134
17-03-2009,17,28.6,35.5,19.2,31,35.63722455,17-03-2009,39,66,105
18-03-2009,18,29.3,35.9,20,34,37.06313304,18-03-2009,45,85,130
19-03-2009,19,30.4,37.3,19.8,26,37.12150904,19-03-2009,39,88,127
20-03-2009,20,29.7,37.4,23,34,39.74581601,20-03-2009,39,73,112
21-03-2009,21,28.7,35.8,23,35,37.17787655,21-03-2009,40,80,120
22-03-2009,22,25.6,33.8,19.2,47,37.01297945,22-03-2009,42,63,105
23-03-2009,23,27.7,34.7,19.8,43,37.56421286,23-03-2009,22,83,105
24-03-2009,24,27.2,33,21.1,43,34.45880675,24-03-2009,42,73,115
25-03-2009,25,27.5,35.8,20,42,39.44472499,25-03-2009,44,73,117
26-03-2009,26,28.9,37,19.4,38,40.43291733,26-03-2009,38,77,115
27-03-2009,27,30.3,37.2,20,30,38.08301544,27-03-2009,41,82,123
28-03-2009,28,30.3,37.2,20,31,38.38865796,28-03-2009,51,76,127
29-03-2009,29,31.1,38,22.7,31,39.78907674,29-03-2009,58,70,128
30-03-2009,30,31.7,38.4,23,34,41.68114633,30-03-2009,55,83,138
31-03-2009,31,30.7,39.1,23,36,44.02427314,31-03-2009,47,80,127
01-04-2009,1,31.2,38.5,22,37,43.17514394,01-04-2009,50,71,121
02-04-2009,2,32.4,39.6,22,28,41.54714431,02-04-2009,47,86,133
03-04-2009,3,32.7,38.6,24,30,40.50919809,03-04-2009,52,95,147
04-04-2009,4,32.3,39.4,22,28,41.18973183,04-04-2009,54,76,130
05-04-2009,5,33.9,39.3,25.2,21,38.67931599,05-04-2009,65,78,143
06-04-2009,6,32.9,39.4,23,25,40.09574848,06-04-2009,42,87,129
07-04-2009,7,30.5,39,22,40,45.77357935,07-04-2009,46,75,121
08-04-2009,8,26.7,33,19.8,56,38.13957742,08-04-2009,44,79,123
09-04-2009,9,29.7,34.2,23.2,43,36.60515416,09-04-2009,38,77,115
10-04-2009,10,30.8,36.7,23.4,32,37.84139901,10-04-2009,55,58,113
11-04-2009,11,30.5,37,22,35,39.34512694,11-04-2009,25,64,89
12-04-2009,12,32.1,37.8,23.2,26,37.87912318,12-04-2009,38,74,112
13-04-2009,13,31.7,37.6,24,25,37.30686003,13-04-2009,50,71,121
14-04-2009,14,32.2,39.9,20.8,23,40.20349147,14-04-2009,46,76,122
15-04-2009,15,32.4,39.1,24,23,38.97855103,15-04-2009,51,88,139
16-04-2009,16,32.6,41,22.5,22,41.57030999,16-04-2009,41,76,117
17-04-2009,17,34.7,40.9,24.6,19,40.3330754,17-04-2009,39,80,119
18-04-2009,18,32.9,40.4,26,34,45.90430699,18-04-2009,52,72,124
19-04-2009,19,32.8,40,25.5,44,50.70150558,19-04-2009,47,75,122
20-04-2009,20,33.6,41.2,26.5,30,45.54349457,20-04-2009,58,89,147
21-04-2009,21,34.1,41.6,26.5,24,43.40508597,21-04-2009,63,73,136
22-04-2009,22,32.4,40.3,26.8,18,39.18922998,22-04-2009,54,94,148
23-04-2009,23,34.5,41.7,24.5,15,40.08962503,23-04-2009,42,90,132
24-04-2009,24,34.3,40.2,24.6,20,39.66160002,24-04-2009,48,94,142
25-04-2009,25,32.8,38.6,26.4,36,42.94376025,25-04-2009,62,73,135
26-04-2009,26,33.3,39,24.6,27,40.12898058,26-04-2009,38,78,116
27-04-2009,27,31.7,39.4,25,36,44.68762215,27-04-2009,42,89,131
28-04-2009,28,34.4,40.7,23.2,23,41.4753655,28-04-2009,52,85,137
29-04-2009,29,36,41.9,24.9,18,41.39996422,29-04-2009,49,87,136
30-04-2009,30,33.4,41.1,26.8,27,43.87410419,30-04-2009,47,68,115
01-05-2009,1,34.8,43.1,26,22,45.05462228,01-05-2009,63,90,153
02-05-2009,2,35.5,42.8,27,17,42.28423952,02-05-2009,52,106,158
03-05-2009,3,34.4,42.8,25.3,19,43.13743268,03-05-2009,53,82,135
04-05-2009,4,33.8,42.6,26,19,42.8325738,04-05-2009,53,92,145
05-05-2009,5,31.3,40.6,24.2,34,46.35247305,05-05-2009,62,82,144
06-05-2009,6,33.3,40,21.6,26,41.46671188,06-05-2009,46,77,123
07-05-2009,7,34.6,41.2,24.2,20,41.12304805,07-05-2009,53,84,137
08-05-2009,8,33.9,40.8,27.3,21,40.88556109,08-05-2009,61,70,131
09-05-2009,9,35,41.8,25.2,16,40.54761933,09-05-2009,70,98,168
10-05-2009,10,35.1,42.7,27.2,13,40.6524974,10-05-2009,61,102,163
11-05-2009,11,34.6,42.6,26.4,15,41.23631779,11-05-2009,57,104,161
12-05-2009,12,34.8,43.4,23,17,43.14101522,12-05-2009,72,93,165
13-05-2009,13,35.9,43.4,26,20,44.5529097,13-05-2009,64,97,161
14-05-2009,14,34.7,41.6,18.4,25,43.86295873,14-05-2009,67,95,162
15-05-2009,15,33.7,41,27.4,29,44.63557136,15-05-2009,52,81,133
16-05-2009,16,34.2,41.8,25.9,28,45.72584945,16-05-2009,54,79,133
17-05-2009,17,34.8,40.8,27.4,29,44.24005343,17-05-2009,62,70,132
18-05-2009,18,32.1,38.6,25.2,39,44.32954539,18-05-2009,54,88,142
19-05-2009,19,33.7,40.4,27.2,35,46.43524569,19-05-2009,45,70,115
20-05-2009,20,29.2,34.6,23.5,48,39.01948394,20-05-2009,44,84,128
21-05-2009,21,31.9,40.2,24.7,42,49.99789444,21-05-2009,53,95,148
22-05-2009,22,31.8,38.8,23.6,44,47.4147543,22-05-2009,32,63,95
23-05-2009,23,32.8,40.1,25.5,35,45.75318242,23-05-2009,49,67,116
24-05-2009,24,32.2,40,26.2,34,45.02207486,24-05-2009,39,92,131
25-05-2009,25,32.5,39,22.1,28,40.4861418,25-05-2009,43,89,132
26-05-2009,26,32.1,39.6,25.8,34,44.15864272,26-05-2009,46,77,123
27-05-2009,27,33.4,41.4,26.3,31,46.49503044,27-05-2009,45,75,120
28-05-2009,28,34.7,41.6,27.1,25,43.86295873,28-05-2009,41,80,121
29-05-2009,29,34.1,42,28,31,47.80518594,29-05-2009,56,87,143
30-05-2009,30,33.3,39,26.8,30,41.23898359,30-05-2009,49,78,127
31-05-2009,31,32.8,41.2,26.8,30,45.54349457,31-05-2009,45,78,123
01-06-2009,1,32.3,36.5,23.6,36,38.74779515,01-06-2009,37,85,122
02-06-2009,2,31,39,24.3,41,46.29765772,02-06-2009,52,75,127
03-06-2009,3,32,38,25.2,41,43.88645205,03-06-2009,39,79,118
04-06-2009,4,33.8,39.4,26,33,43.27694714,04-06-2009,47,68,115
05-06-2009,5,30.8,38.2,22.9,43,45.34404941,05-06-2009,31,73,104
06-06-2009,6,29.5,37.4,23.5,55,49.71084972,06-06-2009,41,69,110
07-06-2009,7,26.8,36.1,22.4,64,50.77163911,07-06-2009,43,84,127
08-06-2009,8,30.1,36.4,20,46,42.35903141,08-06-2009,44,80,124
09-06-2009,9,32.2,39,23.5,36,43.80566368,09-06-2009,29,93,122
10-06-2009,10,32.6,40.2,25.7,37,47.05798586,10-06-2009,35,76,111
11-06-2009,11,29.8,35.4,26.5,54,43.37259152,11-06-2009,46,83,129
12-06-2009,12,28.7,36.8,22.8,54,47.31623475,12-06-2009,47,77,124
13-06-2009,13,29.9,36.6,20,49,44.21812552,13-06-2009,48,75,123
14-06-2009,14,29.7,38,23.8,48,47.46507383,14-06-2009,30,73,103
15-06-2009,15,32.4,38.6,24,35,42.50679543,15-06-2009,56,85,141
16-06-2009,16,31.2,38.8,25,44,47.4147543,16-06-2009,40,75,115
17-06-2009,17,31.3,39,23.6,42,46.83457587,17-06-2009,54,81,135
18-06-2009,18,30.3,39.5,23.6,43,48.70902416,18-06-2009,44,73,117
19-06-2009,19,31.6,38.3,25,43,45.59375283,19-06-2009,46,66,112
20-06-2009,20,31.1,37.6,24.2,49,46.90166892,20-06-2009,38,74,112
21-06-2009,21,27.7,33.3,20.4,64,41.86016233,21-06-2009,35,71,106
22-06-2009,22,30.1,35.2,22.9,51,41.561053,22-06-2009,38,67,105
23-06-2009,23,30.4,35.2,23.6,47,39.98643563,23-06-2009,39,69,108
24-06-2009,24,30.3,36.4,23.5,45,41.9321826,24-06-2009,47,73,120
25-06-2009,25,29.5,33,24.4,48,35.72990561,25-06-2009,55,71,126
26-06-2009,26,29.7,36.2,24,47,42.31128651,26-06-2009,44,58,102
27-06-2009,27,29.3,34.2,23,51,39.18721814,27-06-2009,35,69,104
28-06-2009,28,27.4,32.9,24,59,38.91423444,28-06-2009,38,84,122
29-06-2009,29,30.6,36.5,23.2,47,43.04139673,29-06-2009,43,65,108
30-06-2009,30,31,37.4,24.7,49,46.35096562,30-06-2009,36,88,124
01-03-2010,1,28.6,36.4,18,25,35.5942883,01-03-2010,34,48,82
02-03-2010,2,29.4,37.6,19,27,37.85173872,02-03-2010,35,54,89
03-03-2010,3,29.2,37.7,22.6,27,38.00857519,03-03-2010,39,48,87
04-03-2010,4,29.9,37.4,22,29,38.11380127,04-03-2010,19,38,57
05-03-2010,5,30.5,37.8,21.7,30,39.09841437,05-03-2010,36,58,94
06-03-2010,6,30.9,38.9,22,32,41.84844231,06-03-2010,23,41,64
07-03-2010,7,29.6,36.9,23,30,37.58903739,07-03-2010,32,50,82
08-03-2010,8,30.4,38.1,20,26,38.34395778,08-03-2010,23,48,71
09-03-2010,9,31.3,36.2,23.6,36,38.19349539,09-03-2010,32,55,87
10-03-2010,10,28,35,23,49,40.28831626,10-03-2010,25,45,70
11-03-2010,11,29.5,35.5,22.9,40,38.16275212,11-03-2010,25,45,70
12-03-2010,12,30.2,36.9,23,32,38.18375593,12-03-2010,25,45,70
13-03-2010,13,30.4,36.4,22.2,33,37.62679871,13-03-2010,28,48,76
14-03-2010,14,29.8,37.8,23,35,40.88710386,14-03-2010,30,67,97
15-03-2010,15,27.7,35.9,21,25,34.91535124,15-03-2010,31,59,90
16-03-2010,16,28.8,38,18,25,37.903795,16-03-2010,32,57,89
17-03-2010,17,29.1,36.4,20,34,37.92798569,17-03-2010,29,57,86
18-03-2010,18,28.5,38,20,33,40.51302789,18-03-2010,24,40,64
19-03-2010,19,30.1,37.5,20,23,36.66947089,19-03-2010,40,70,110
20-03-2010,20,30.7,39.3,21,24,39.60058134,20-03-2010,38,51,89
21-03-2010,21,31.7,39.6,20,22,39.4170551,21-03-2010,41,54,95
22-03-2010,22,32.3,41.3,21,22,42.04937607,22-03-2010,37,47,84
23-03-2010,23,32.9,40.4,22,23,40.99291271,23-03-2010,25,42,67
24-03-2010,24,31.6,39.4,22.4,32,42.83311311,24-03-2010,31,57,88
25-03-2010,25,31,39.3,23.7,38,45.45952572,25-03-2010,25,65,90
26-03-2010,26,31.3,38.4,24,38,43.4087197,26-03-2010,22,57,79
27-03-2010,27,29.6,37.5,22.6,43,43.63878251,27-03-2010,33,51,84
28-03-2010,28,30.6,37.4,24,44,43.86439819,28-03-2010,30,64,94
29-03-2010,29,29.9,37.7,24.8,49,47.17964457,29-03-2010,32,49,81
30-03-2010,30,29.1,38,26,54,50.99814297,30-03-2010,35,50,85
31-03-2010,31,30.9,39.4,22.7,23,39.43240366,31-03-2010,26,42,68
01-04-2010,1,32.1,38.8,24.7,16,36.81093116,01-04-2010,25,60,85
02-04-2010,2,31.4,39.1,18,19,37.86560448,02-04-2010,30,57,87
03-04-2010,3,32.1,39.9,21,20,39.23505817,03-04-2010,27,54,81
04-04-2010,4,33.2,39.4,24.3,29,41.58078393,04-04-2010,30,50,80
05-04-2010,5,32.9,40.3,23,25,41.58920659,05-04-2010,27,55,82
06-04-2010,6,33.7,40.6,24.7,35,46.89602599,06-04-2010,37,41,78
07-04-2010,7,33,40.6,24.4,35,46.89602599,07-04-2010,36,56,92
08-04-2010,8,31.6,38.8,24.4,43,46.86512191,08-04-2010,36,45,81
09-04-2010,9,33.4,39.6,24.2,31,42.79271736,09-04-2010,23,48,71
10-04-2010,10,33,41.9,25,32,48.16746231,10-04-2010,20,45,65
11-04-2010,11,34.8,42.4,24.6,27,46.39051853,11-04-2010,23,49,72
12-04-2010,12,35.7,42.5,26.8,30,48.31830055,12-04-2010,31,60,91
13-04-2010,13,35.6,42.5,28.7,25,45.51777281,13-04-2010,31,50,81
14-04-2010,14,33.3,41.6,26.7,29,45.84555862,14-04-2010,21,39,60
15-04-2010,15,34.2,42.7,25.6,27,46.99273227,15-04-2010,30,52,82
16-04-2010,16,32.8,39.6,26,43,48.97853263,16-04-2010,32,44,76
17-04-2010,17,32.3,41,25.8,35,47.83215809,17-04-2010,25,53,78
18-04-2010,18,34.2,41.4,26.4,34,48.19213732,18-04-2010,29,37,66
19-04-2010,19,34.5,42,28,26,45.0874704,19-04-2010,32,48,80
20-04-2010,20,33.9,41.4,26.9,27,44.44137598,20-04-2010,19,44,63
21-04-2010,21,34.6,42.1,27.6,23,43.814079,21-04-2010,25,49,74
22-04-2010,22,34.6,41.2,27.4,23,42.29412023,22-04-2010,27,52,79
23-04-2010,23,33,42.5,28,32,49.54963293,23-04-2010,30,52,82
24-04-2010,24,33.9,41.9,25.9,29,46.46373356,24-04-2010,39,56,95
25-04-2010,25,34.9,42,27.4,19,41.93163956,25-04-2010,34,53,87
26-04-2010,26,30.8,38.8,25.7,47,49.13961789,26-04-2010,26,47,73
27-04-2010,27,32.2,41,25,36,48.41600638,27-04-2010,21,54,75
28-04-2010,28,32.8,40.9,26.9,35,47.59630363,28-04-2010,30,47,77
29-04-2010,29,32.4,39.3,25.2,41,47.04923654,29-04-2010,23,61,84
30-04-2010,30,31.3,38.5,26.5,39,44.09977161,30-04-2010,24,54,78
01-05-2010,1,30.6,36.6,27,47,43.28811604,01-05-2010,33,32,65
02-05-2010,2,30.2,37.9,24.9,43,44.60407995,02-05-2010,19,35,54
03-05-2010,3,28.4,37.2,22.8,45,43.84478079,03-05-2010,41,52,93
04-05-2010,4,30.2,39,24,41,46.29765772,04-05-2010,27,30,57
05-05-2010,5,32.7,39.6,23.5,30,42.36415387,05-05-2010,23,50,73
06-05-2010,6,34.3,42,25.9,24,44.10854601,06-05-2010,24,57,81
07-05-2010,7,33.2,40.3,25.8,38,47.86467316,07-05-2010,28,54,82
08-05-2010,8,33.6,39.6,26.2,34,44.15864272,08-05-2010,29,52,81
09-05-2010,9,34.3,43,26.2,26,47.02617618,09-05-2010,21,44,65
10-05-2010,10,35.9,42.2,28.9,22,43.52395996,10-05-2010,34,46,80
11-05-2010,11,36.1,44.5,30,24,48.78582051,11-05-2010,22,52,74
12-05-2010,12,35.1,44,29.2,29,51.03700928,12-05-2010,25,42,67
13-05-2010,13,36.1,42.9,28.2,32,50.49299976,13-05-2010,17,39,56
14-05-2010,14,35.6,43.2,29.4,27,48.01434081,14-05-2010,24,56,80
15-05-2010,15,34.1,41.1,24,32,46.38594343,15-05-2010,37,53,90
16-05-2010,16,32.8,42,27.3,41,54.39949365,16-05-2010,28,56,84
17-05-2010,17,34.5,42.3,25.9,34,50.35164713,17-05-2010,34,56,90
18-05-2010,18,31.3,40.7,27,52,58.67022161,18-05-2010,32,43,75
19-05-2010,19,30.2,34.3,23.7,54,40.53988559,19-05-2010,26,49,75
20-05-2010,20,26.7,30.1,25,75,36.57486096,20-05-2010,29,59,88
21-05-2010,21,26.9,32.3,23,65,39.46122974,21-05-2010,21,55,76
22-05-2010,22,29.3,40.3,23.2,54,58.83341033,22-05-2010,30,78,108
23-05-2010,23,30.7,40.3,23.2,48,54.3005107,23-05-2010,25,53,78
24-05-2010,24,35.2,43.3,26.4,30,50.11125117,24-05-2010,35,60,95
25-05-2010,25,35.8,44,27.7,23,47.21794855,25-05-2010,32,64,96
26-05-2010,26,35.1,42.3,27.7,23,44.15991432,26-05-2010,35,47,82
27-05-2010,27,35.4,40,27,25,41.08405286,27-05-2010,27,57,84
28-05-2010,28,34.9,43,28.4,24,45.92139045,28-05-2010,28,44,72
29-05-2010,29,35.6,43.6,29.5,25,47.62996555,29-05-2010,33,52,85
30-05-2010,30,34.3,42.9,28.4,28,47.98513,30-05-2010,27,34,61
31-05-2010,31,35.2,42.1,28,22,43.357348,31-05-2010,24,45,69
01-06-2010,1,31.9,42.3,25.6,45,58.44378014,01-06-2010,23,52,75
02-06-2010,2,31.7,38.1,23.9,39,43.19437674,02-06-2010,26,72,98
03-06-2010,3,31.8,41,26.2,40,50.89735333,03-06-2010,35,48,83
04-06-2010,4,34.2,40.8,27.9,33,46.26343718,04-06-2010,35,55,90
05-06-2010,5,33.7,40.1,29.5,32,44.25768369,05-06-2010,32,50,82
06-06-2010,6,33.7,39.3,28,32,42.63398697,06-06-2010,38,54,92
07-06-2010,7,33.1,40,28,35,45.52825658,07-06-2010,31,43,74
08-06-2010,8,33.1,40.5,28,37,47.78196659,08-06-2010,29,55,84
09-06-2010,9,30.4,35,25,46,39.18191806,09-06-2010,28,56,84
10-06-2010,10,30.1,38.6,24.6,53,52.28187492,10-06-2010,25,44,69
11-06-2010,11,29.4,36.3,24.2,58,47.98479132,11-06-2010,28,37,65
12-06-2010,12,28.1,35.8,23,67,51.50525687,12-06-2010,36,51,87
13-06-2010,13,27.3,33.9,22.9,71,46.93619308,13-06-2010,28,51,79
14-06-2010,14,26.9,31.8,22.4,69,39.47837881,14-06-2010,26,46,72
15-06-2010,15,27.3,34,24,64,43.91961233,15-06-2010,32,46,78
16-06-2010,16,27.4,34.4,23.6,64,45.14685209,16-06-2010,27,60,87
17-06-2010,17,28.3,34.1,24.4,58,41.61962892,17-06-2010,31,51,82
18-06-2010,18,27.2,35,23.8,70,50.34057806,18-06-2010,25,44,69
19-06-2010,19,27.3,31.4,23.1,73,39.69750908,19-06-2010,25,46,71
20-06-2010,20,25.3,30.8,23,81,40.55388729,20-06-2010,28,55,83
21-06-2010,21,27.1,31.6,24,68,38.58867856,21-06-2010,21,49,70
22-06-2010,22,28.8,35.4,25,61,46.77440258,22-06-2010,23,50,73
23-06-2010,23,27.6,33.6,25,67,44.04238535,23-06-2010,22,50,72
24-06-2010,24,26.6,31.4,24,66,37.43253102,24-06-2010,26,57,83
25-06-2010,25,28.3,34.3,24,56,41.33132126,25-06-2010,32,47,79
26-06-2010,26,29.1,35.2,24,51,41.561053,26-06-2010,24,59,83
27-06-2010,27,29.7,36.1,25,52,44.32442823,27-06-2010,18,54,72
28-06-2010,28,31.4,37.1,25.7,42,42.26341489,28-06-2010,22,53,75
29-06-2010,29,29.9,35.6,26,49,41.70951489,29-06-2010,21,50,71
30-06-2010,30,27.9,35.7,23,63,48.82412016,30-06-2010,33,45,78
01-03-2011,1,25.8,31.9,20,42,32.49476983,01-03-2011,39,63,102
02-03-2011,2,26.1,33.1,19,46,35.38333381,02-03-2011,50,67,117
03-03-2011,3,27.2,33.5,21,38,34.13500652,03-03-2011,49,78,127
04-03-2011,4,27.8,35.1,18,29,34.60959776,04-03-2011,41,76,117
05-03-2011,5,27.6,35.9,18,28,35.54123046,05-03-2011,63,81,144
06-03-2011,6,28.6,36.4,17,25,35.5942883,06-03-2011,54,74,128
07-03-2011,7,28.8,38,18,24,37.63137309,07-03-2011,44,73,117
08-03-2011,8,29.9,38,20,26,38.1881574,08-03-2011,52,78,130
09-03-2011,9,31,38.4,22.2,27,39.13151703,09-03-2011,43,97,140
10-03-2011,10,29.3,38.4,21,31,40.51463651,10-03-2011,47,65,112
11-03-2011,11,28.7,37.4,19,29,38.11380127,11-03-2011,51,80,131
12-03-2011,12,27.7,36.5,20.7,38,39.43336781,12-03-2011,39,92,131
13-03-2011,13,27.9,35.2,20,34,35.90168932,13-03-2011,48,68,116
14-03-2011,14,28.1,36.4,19,32,37.33608354,14-03-2011,49,79,128
15-03-2011,15,28.3,36.4,18,29,36.52676895,15-03-2011,43,71,114
16-03-2011,16,28,36.2,18,24,35.1207802,16-03-2011,30,81,111
17-03-2011,17,28,36.2,20,32,37.00468649,17-03-2011,38,81,119
18-03-2011,18,28.8,37.4,19,22,36.30753013,18-03-2011,40,61,101
19-03-2011,19,30.4,38.8,20,25,39.13678154,19-03-2011,24,89,113
20-03-2011,20,29.9,38.8,20,29,40.4996806,20-03-2011,39,93,132
21-03-2011,21,29.9,38,20.2,29,39.11288754,21-03-2011,39,83,122
22-03-2011,22,30,37.5,21,29,38.27787466,22-03-2011,46,77,123
23-03-2011,23,30.3,38.4,23,32,40.8911712,23-03-2011,47,79,126
24-03-2011,24,29.2,38.4,21.4,33,41.2800078,24-03-2011,50,79,129
25-03-2011,25,28.6,36.9,23,41,41.40125795,25-03-2011,46,77,123
26-03-2011,26,24.9,34.7,21.6,58,43.25581669,26-03-2011,36,75,111
27-03-2011,27,29,36.9,19,26,36.53081692,27-03-2011,41,60,101
28-03-2011,28,30.5,37,18,18,35.05554906,28-03-2011,38,79,117
29-03-2011,29,29,38.8,19,28,40.13996424,29-03-2011,46,86,132
30-03-2011,30,30.1,38.9,21,24,38.98073542,30-03-2011,37,93,130
31-03-2011,31,29.9,38.9,19,18,37.36547608,31-03-2011,46,80,126
01-04-2011,1,29.1,38.8,19,20,37.71803176,01-04-2011,40,89,129
02-04-2011,2,31.3,38.9,20.8,24,38.98073542,02-04-2011,45,67,112
03-04-2011,3,31.2,38.9,23.4,25,39.29457204,03-04-2011,46,86,132
04-04-2011,4,31.8,38.8,23,18,37.23915932,04-04-2011,41,84,125
05-04-2011,5,31.4,38.6,21,23,38.23679671,05-04-2011,36,84,120
06-04-2011,6,28.1,38.3,20,58,54.64425171,06-04-2011,50,81,131
07-04-2011,7,29.6,36,22.1,40,39.14436817,07-04-2011,38,62,100
08-04-2011,8,28.6,36,22.2,38,38.46710096,08-04-2011,43,64,107
09-04-2011,9,28.9,35.7,23.6,39,38.22233576,09-04-2011,55,74,129
10-04-2011,10,29.6,35.5,23.2,36,36.94399969,10-04-2011,39,83,122
11-04-2011,11,29.8,37.3,21,33,39.21453232,11-04-2011,34,69,103
12-04-2011,12,30.9,38.1,23,33,40.70306952,12-04-2011,40,68,108
13-04-2011,13,31.9,38.9,23,25,39.29457204,13-04-2011,38,91,129
14-04-2011,14,30.4,38.9,21,38,44.53474331,14-04-2011,44,71,115
15-04-2011,15,29.9,38.6,24.4,47,48.5741709,15-04-2011,43,88,131
16-04-2011,16,30.6,38.6,23,35,42.50679543,16-04-2011,31,81,112
17-04-2011,17,31.2,38,24,36,41.68850829,17-04-2011,41,77,118
18-04-2011,18,31.2,38.9,25,37,44.05515024,18-04-2011,41,85,126
19-04-2011,19,31.4,39.3,24,39,45.97632255,19-04-2011,55,94,149
20-04-2011,20,29.2,39.3,22.6,45,49.3523458,20-04-2011,51,73,124
21-04-2011,21,29.7,36.8,24,47,43.78657848,21-04-2011,38,79,117
22-04-2011,22,26.6,36.8,22,61,51.37716984,22-04-2011,29,93,122
23-04-2011,23,28.8,35,21.5,45,38.83143194,23-04-2011,44,75,119
24-04-2011,24,29.6,36.5,22.8,44,41.74363826,24-04-2011,28,86,114
25-04-2011,25,30.9,37,24,38,40.43291733,25-04-2011,46,75,121
26-04-2011,26,31.1,38,24,39,42.97145308,26-04-2011,41,77,118
27-04-2011,27,31.4,38.5,23.2,37,43.17514394,27-04-2011,36,77,113
28-04-2011,28,31.9,40.4,23.6,31,44.3959392,28-04-2011,45,96,141
29-04-2011,29,32.6,40.4,25,31,44.3959392,29-04-2011,46,63,109
30-04-2011,30,31.2,39.8,25.4,50,54.11850027,30-04-2011,33,96,129
01-05-2011,1,31.5,38.5,25.6,46,47.72631413,01-05-2011,36,86,122
02-05-2011,2,33.7,40,25.3,26,41.46671188,02-05-2011,53,77,130
03-05-2011,3,33.3,41.2,26.6,25,43.14867396,03-05-2011,39,90,129
04-05-2011,4,33,41.2,24.6,21,41.49863766,04-05-2011,50,88,138
05-05-2011,5,32.5,40.4,25.7,24,41.36902951,05-05-2011,61,89,150
06-05-2011,6,33.1,40.9,25,21,41.03785347,06-05-2011,56,76,132
07-05-2011,7,33.1,40.9,26,19,40.3330754,07-05-2011,54,79,133
08-05-2011,8,33.7,40.9,25.8,20,40.67820996,08-05-2011,40,86,126
09-05-2011,9,32.9,41.5,27.2,27,44.63225847,09-05-2011,56,74,130
10-05-2011,10,29.8,41.5,26.4,35,49.02964478,10-05-2011,48,84,132
11-05-2011,11,32.8,40.5,23,23,41.15299697,11-05-2011,45,89,134
12-05-2011,12,34.1,41.9,24.4,19,41.78347338,12-05-2011,39,72,111
13-05-2011,13,33.6,41.9,25,24,43.93151969,13-05-2011,57,102,159
14-05-2011,14,32.6,42.1,27.6,27,45.79636831,14-05-2011,64,87,151
15-05-2011,15,33.2,42.1,27.2,30,47.44621887,15-05-2011,47,80,127
16-05-2011,16,32.9,41.8,26.2,35,49.7627083,16-05-2011,43,92,135
17-05-2011,17,32.7,41.1,26.8,38,49.88464517,17-05-2011,48,91,139
18-05-2011,18,32.8,40.3,26.6,39,48.44531344,18-05-2011,36,98,134
19-05-2011,19,34.9,42.1,27.4,26,45.27749118,19-05-2011,53,91,144
20-05-2011,20,33.7,42.1,26.4,29,46.88073215,20-05-2011,43,91,134
21-05-2011,21,33.6,40.5,26.2,25,41.93005039,21-05-2011,54,76,130
22-05-2011,22,32.7,40.5,26.5,30,44.12051637,22-05-2011,45,86,131
23-05-2011,23,32.1,39.9,27.4,38,46.88663851,23-05-2011,54,79,133
24-05-2011,24,32.6,41.8,26.7,36,50.40052871,24-05-2011,43,82,125
25-05-2011,25,32.6,41.8,26.2,36,50.40052871,25-05-2011,59,91,150
26-05-2011,26,30.7,40,25.2,37,46.58179426,26-05-2011,51,82,133
27-05-2011,27,31.8,40,26.1,37,46.58179426,27-05-2011,54,89,143
28-05-2011,28,30.4,40,23.4,48,53.35757071,28-05-2011,51,73,124
29-05-2011,29,33.6,40.6,26.3,32,45.30811372,29-05-2011,40,90,130
30-05-2011,30,34.6,41.1,26.6,30,45.33716277,30-05-2011,35,85,120
31-05-2011,31,31.9,41.1,26.2,44,53.91188652,31-05-2011,42,84,126
01-06-2011,1,31.2,39.6,26.8,45,50.19671654,01-06-2011,43,86,129
02-06-2011,2,30.8,39.6,23.3,44,49.58093834,02-06-2011,47,72,119
03-06-2011,3,27.7,38.6,24.2,63,59.45992426,03-06-2011,45,69,114
04-06-2011,4,29.3,36,24.1,51,43.59141067,04-06-2011,41,69,110
05-06-2011,5,30.1,36.9,23.4,48,44.51610375,05-06-2011,49,94,143
06-06-2011,6,30.4,36.9,24.2,47,44.03832162,06-06-2011,41,100,141
07-06-2011,7,28.8,38,24.6,53,50.37944689,07-06-2011,36,85,121
08-06-2011,8,27.7,34.4,22.8,63,44.6723107,08-06-2011,37,84,121
09-06-2011,9,29.2,32,25,47,33.67225304,09-06-2011,47,75,122
10-06-2011,10,26.3,30,24,61,33.03359426,10-06-2011,37,70,107
11-06-2011,11,28.9,33,24,50,36.28894891,11-06-2011,50,91,141
12-06-2011,12,30.3,35,24,42,37.83491348,12-06-2011,41,79,120
13-06-2011,13,30.4,34,25,42,35.95632789,13-06-2011,33,75,108
14-06-2011,14,30.3,37,23.9,46,43.8188739,14-06-2011,43,80,123
15-06-2011,15,27.7,37,22.7,54,47.91055005,15-06-2011,48,68,116
16-06-2011,16,27.6,37,22,57,49.62687194,16-06-2011,30,76,106
17-06-2011,17,27,34.7,21.8,59,43.70622629,17-06-2011,41,87,128
18-06-2011,18,28.9,34.6,22.4,44,37.68182869,18-06-2011,43,81,124
19-06-2011,19,29.9,36.3,23.3,41,40.11949614,19-06-2011,37,78,115
20-06-2011,20,28.3,36.4,23.8,50,44.17114486,20-06-2011,49,77,126
21-06-2011,21,28.7,36.4,23,49,43.70240877,21-06-2011,48,79,127
22-06-2011,22,29.5,36.4,23,46,42.35903141,22-06-2011,37,75,112
23-06-2011,23,30.2,36.5,23.2,42,40.93128937,23-06-2011,38,94,132
24-06-2011,24,30.8,36.7,24.4,39,40.19811777,24-06-2011,40,83,123
25-06-2011,25,28.6,36.7,23.8,48,44.00218392,25-06-2011,36,67,103
26-06-2011,26,27.4,35.9,23.8,59,47.28146207,26-06-2011,31,78,109
27-06-2011,27,27.6,33.7,22.2,60,41.35637713,27-06-2011,38,78,116
28-06-2011,28,27.5,33.6,22.8,59,40.69638616,28-06-2011,36,81,117
29-06-2011,29,28.9,35.5,22.6,48,41.0624765,29-06-2011,36,62,98
30-06-2011,30,30.1,36.1,23.2,40,39.34491718,30-06-2011,37,74,111
01-03-2012,1,27.9,37.3,17.6,27,37.38660499,01-03-2012,32,69,101
02-03-2012,2,29.1,37.9,18.5,22,36.98481647,02-03-2012,44,60,104
03-03-2012,3,28.9,37.9,18.1,26,38.03321253,03-03-2012,39,52,91
04-03-2012,4,29.4,37.1,18.2,27,37.08099558,04-03-2012,33,54,87
05-03-2012,5,29.2,37.1,17,33,38.85375367,05-03-2012,41,67,108
06-03-2012,6,32,37.8,20,32,39.77861343,06-03-2012,36,70,106
07-03-2012,7,29.9,37.8,21,28,38.46525095,07-03-2012,35,55,90
08-03-2012,8,28.7,37,20.9,26,36.67720668,08-03-2012,41,70,111
09-03-2012,9,28.2,34,18.2,26,32.65766059,09-03-2012,40,68,108
10-03-2012,10,29.8,36,18.8,26,35.25180697,10-03-2012,33,63,96
11-03-2012,11,28.7,35.6,21.4,47,40.89628062,11-03-2012,37,68,105
12-03-2012,12,29.6,35.7,21.9,40,38.55117274,12-03-2012,39,68,107
13-03-2012,13,29.9,35.7,22.7,53,43.71946805,13-03-2012,37,70,107
14-03-2012,14,29.7,36.3,23,36,38.37700854,14-03-2012,44,78,122
15-03-2012,15,30.4,37.4,19.4,28,37.82158042,15-03-2012,40,74,114
16-03-2012,16,29.8,37.4,21,37,40.86175329,16-03-2012,41,55,96
17-03-2012,17,31.4,38.3,20,30,39.97253119,17-03-2012,29,80,109
18-03-2012,18,32,38.3,23,33,41.08655948,18-03-2012,32,63,95
19-03-2012,19,32.2,39.6,21.1,27,41.15869824,19-03-2012,45,54,99
20-03-2012,20,31.6,40.3,20,25,41.58920659,20-03-2012,37,65,102
21-03-2012,21,33.3,40.3,21.1,30,43.72309878,21-03-2012,46,81,127
22-03-2012,22,31.8,39.3,22.5,36,44.46525237,22-03-2012,41,89,130
23-03-2012,23,31.4,39.4,21.6,22,39.12052449,23-03-2012,34,76,110
24-03-2012,24,32.3,39.4,18.9,23,39.43240366,24-03-2012,38,92,130
25-03-2012,25,31.3,39.3,19.4,28,41.01242996,25-03-2012,49,77,126
26-03-2012,26,31.1,38.3,20,32,40.70300493,26-03-2012,40,74,114
27-03-2012,27,30.6,37.4,20,30,38.41741614,27-03-2012,33,52,85
28-03-2012,28,31.8,38,21.9,29,39.11288754,28-03-2012,43,67,110
29-03-2012,29,32.3,39,22,30,41.23898359,29-03-2012,42,64,106
30-03-2012,30,31.7,39.6,25,34,44.15864272,30-03-2012,41,93,134
31-03-2012,31,31.1,39.6,24.2,40,47.25155036,31-03-2012,38,75,113
01-04-2012,1,31.2,37.4,24,39,41.66268165,01-04-2012,48,84,132
02-04-2012,2,32.1,38.5,22.4,32,41.08043344,02-04-2012,43,74,117
03-04-2012,3,31.8,38.5,24,34,41.88114187,03-04-2012,41,79,120
04-04-2012,4,32.9,40,23.2,30,43.13459541,04-04-2012,47,73,120
05-04-2012,5,32.1,39.9,23.4,33,44.31800051,05-04-2012,46,71,117
06-04-2012,6,31.2,39.4,24.3,44,49.03002353,06-04-2012,44,63,107
07-04-2012,7,30.1,37.8,25,49,47.45936954,07-04-2012,52,65,117
08-04-2012,8,29.9,38.6,24.2,50,50.37185489,08-04-2012,39,67,106
09-04-2012,9,30.9,39.4,24.7,54,55.64561894,09-04-2012,54,89,143
10-04-2012,10,31.1,39.5,25.2,56,57.48896887,10-04-2012,49,84,133
11-04-2012,11,31.1,39.5,25.4,54,55.99208356,11-04-2012,33,89,122
12-04-2012,12,29.7,38.3,22.6,54,51.96212617,12-04-2012,34,78,112
13-04-2012,13,30.1,37,21,52,46.8214698,13-04-2012,50,59,109
14-04-2012,14,30.6,37.7,24.2,52,48.86779144,14-04-2012,46,92,138
15-04-2012,15,30.9,37.7,23,47,46.11255285,15-04-2012,45,83,128
16-04-2012,16,33.1,38.9,26.2,46,48.83050576,16-04-2012,44,86,130
17-04-2012,17,32.2,39,25.5,48,50.32572016,17-04-2012,47,77,124
18-04-2012,18,32.3,39,26.4,41,46.29765772,18-04-2012,52,68,120
19-04-2012,19,33.2,39.5,25.2,36,44.91124537,19-04-2012,50,75,125
20-04-2012,20,34.2,40.4,26.2,31,44.3959392,20-04-2012,53,93,146
21-04-2012,21,34.3,40.4,26.5,35,46.43524569,21-04-2012,51,79,130
22-04-2012,22,32.9,40.4,25.6,38,48.11251009,22-04-2012,54,77,131
23-04-2012,23,27.4,40.4,22.4,65,68.90815059,23-04-2012,46,72,118
24-04-2012,24,32.3,38.4,22.2,41,44.83356994,24-04-2012,39,83,122
25-04-2012,25,32.8,38.5,25.2,37,43.17514394,25-04-2012,37,63,100
26-04-2012,26,30.9,38.5,26.6,47,48.29395933,26-04-2012,56,66,122
27-04-2012,27,31.3,37.6,25.2,53,49.14910229,27-04-2012,51,65,116
28-04-2012,28,32.4,37.6,26.6,47,45.8474128,28-04-2012,41,68,109
29-04-2012,29,32.8,40.5,27.4,42,50.82214378,29-04-2012,35,67,102
30-04-2012,30,32.6,40.5,25.6,50,56.42284367,30-04-2012,36,75,111
01-05-2012,1,34.2,40.9,27.2,36,48.17358157,01-05-2012,35,66,101
02-05-2012,2,34.7,41.9,27.4,29,46.46373356,02-05-2012,47,65,112
03-05-2012,3,35.2,41.9,25.2,23,43.47117702,03-05-2012,46,99,145
04-05-2012,4,35.2,42,25.5,23,43.64226134,04-05-2012,39,99,138
05-05-2012,5,35.2,42,28,26,45.0874704,05-05-2012,38,77,115
06-05-2012,6,33.7,40.5,27.5,34,46.12780252,06-05-2012,41,95,136
07-05-2012,7,33.3,40.6,27.8,36,47.45382777,07-05-2012,41,74,115
08-05-2012,8,31.9,40.6,26.8,43,51.7574079,08-05-2012,50,96,146
09-05-2012,9,35.4,41.4,25.5,30,45.95920739,09-05-2012,56,100,156
10-05-2012,10,32.9,41.4,27.7,42,53.3750991,10-05-2012,36,84,120
11-05-2012,11,31,40.1,25.5,47,52.97829808,11-05-2012,45,81,126
12-05-2012,12,31.9,40.2,25.2,48,53.98448533,12-05-2012,48,74,122
13-05-2012,13,31.7,40.2,25,46,52.60002163,13-05-2012,44,65,109
14-05-2012,14,34.3,41.5,26.2,36,49.64693204,14-05-2012,50,66,116
15-05-2012,15,34.7,41.7,26.8,38,51.45553904,15-05-2012,59,75,134
16-05-2012,16,34.9,42,28,31,47.80518594,16-05-2012,57,72,129
17-05-2012,17,36.4,42.3,26.8,23,44.15991432,17-05-2012,53,70,123
18-05-2012,18,35.9,42.9,25.9,25,46.27443389,18-05-2012,34,89,123
19-05-2012,19,36.1,43,26.1,26,47.02617618,19-05-2012,61,92,153
20-05-2012,20,35.7,43,28.2,33,51.40617681,20-05-2012,52,108,160
21-05-2012,21,36.3,43.1,28.6,25,46.657654,21-05-2012,65,91,156
22-05-2012,22,36.8,43.1,29.2,25,46.657654,22-05-2012,70,110,180
23-05-2012,23,36.6,42.3,29.4,27,46.19157251,23-05-2012,65,97,162
24-05-2012,24,36.4,42.9,29.2,25,46.27443389,24-05-2012,59,109,168
25-05-2012,25,37.1,42.9,29.3,26,46.82845581,25-05-2012,57,94,151
26-05-2012,26,35.8,41.6,29.5,30,46.3789858,26-05-2012,47,95,142
27-05-2012,27,36.1,42,29.9,24,44.10854601,27-05-2012,54,91,145
28-05-2012,28,34.7,43,29.4,31,50.07327972,28-05-2012,50,106,156
29-05-2012,29,35.8,43,27.6,27,47.60300955,29-05-2012,50,78,128
30-05-2012,30,37.4,43,29,19,43.4445653,30-05-2012,55,85,140
31-05-2012,31,37.7,43,29.7,19,43.4445653,31-05-2012,51,76,127
01-06-2012,1,35.7,41.8,28.7,24,43.75526758,01-06-2012,59,91,150
02-06-2012,2,36,42,28.3,19,41.93163956,02-06-2012,40,69,109
03-06-2012,3,36.2,41,28.1,22,41.57030999,03-06-2012,60,71,131
04-06-2012,4,36.8,42,28.7,25,44.59028236,04-06-2012,33,69,102
05-06-2012,5,35.3,41,27.3,36,48.41600638,05-06-2012,50,77,127
06-06-2012,6,33.6,39.9,25.2,39,47.44127679,06-06-2012,32,82,114
07-06-2012,7,33.7,38.3,25.4,38,43.1875089,07-06-2012,45,63,108
08-06-2012,8,34.2,39,25,37,44.27838293,08-06-2012,49,62,111
09-06-2012,9,33,38.4,26.3,41,44.83356994,09-06-2012,47,66,113
10-06-2012,10,32.9,38.4,26.2,38,43.4087197,10-06-2012,31,66,97
11-06-2012,11,32.1,37,25.5,37,40.05929366,11-06-2012,31,54,85
12-06-2012,12,33.9,40,25.5,35,45.52825658,12-06-2012,37,49,86
13-06-2012,13,32.2,37.6,26.4,41,42.96248666,13-06-2012,36,65,101
14-06-2012,14,32.2,38.1,27.8,49,48.30904042,14-06-2012,36,78,114
15-06-2012,15,30.8,38.1,25.9,55,51.95532962,15-06-2012,35,77,112
16-06-2012,16,29.8,36.6,24,53,46.20603338,16-06-2012,31,65,96
17-06-2012,17,27.2,33.2,22.7,67,42.8100899,17-06-2012,33,63,96
18-06-2012,18,24.1,32,21.2,81,44.79892669,18-06-2012,23,56,79
19-06-2012,19,25.5,29.1,20.2,73,33.53461177,19-06-2012,34,51,85
20-06-2012,20,27.7,30,22,63,33.44940924,20-06-2012,29,49,78
21-06-2012,21,26.1,29.4,22.7,67,33.01526487,21-06-2012,34,60,94
22-06-2012,22,28.9,32.8,23,57,38.00142273,22-06-2012,49,59,108
23-06-2012,23,30.6,35,24,48,39.91036021,23-06-2012,40,61,101
24-06-2012,24,31.2,36,25.3,47,41.83291942,24-06-2012,34,58,92
25-06-2012,25,30.4,36,23.6,53,44.53124982,25-06-2012,39,71,110
26-06-2012,26,27.8,35.3,21.7,69,50.86461302,26-06-2012,27,60,87
27-06-2012,27,27.2,32.4,22,66,40.09279065,27-06-2012,21,63,84
28-06-2012,28,28.2,32.8,23.4,61,39.36290718,28-06-2012,35,53,88
29-06-2012,29,27.6,33.1,23.3,65,41.69025567,29-06-2012,44,60,104
30-06-2012,30,28.4,33.9,23,60,41.90100301,30-06-2012,33,58,91
01-03-2013,1,29.1,36,19.4,26,35.25180697,01-03-2013,26,49,75
02-03-2013,2,28.7,35,19,21,33.16675861,02-03-2013,27,45,72
03-03-2013,3,29.2,36,17.4,15,33.58196759,03-03-2013,21,47,68
04-03-2013,4,27,35.1,14,26,34.04209335,04-03-2013,34,65,99
05-03-2013,5,27.1,34.4,17,34,34.64482507,05-03-2013,29,57,86
06-03-2013,6,28.1,35,17,34,35.58042326,06-03-2013,21,43,64
07-03-2013,7,29.9,36,21,36,37.83022942,07-03-2013,35,58,93
08-03-2013,8,29.7,35,21,35,35.83018628,08-03-2013,23,52,75
09-03-2013,9,31.6,37,21.1,28,37.19288977,09-03-2013,29,65,94
10-03-2013,10,31.5,38,19,30,39.4450119,10-03-2013,28,47,75
11-03-2013,11,31.9,39,24,26,39.78465913,11-03-2013,25,73,98
12-03-2013,12,31.7,39,23.8,30,41.23898359,12-03-2013,16,64,80
13-03-2013,13,31.7,39,24.6,25,39.45317747,13-03-2013,27,53,80
14-03-2013,14,31.9,38,23.5,25,37.903795,14-03-2013,25,47,72
15-03-2013,15,30.4,37,22,27,36.92953479,15-03-2013,26,54,80
16-03-2013,16,29.3,35,19,27,34.08846814,16-03-2013,24,40,64
17-03-2013,17,30.2,36,17,23,34.67520919,17-03-2013,14,54,68
18-03-2013,18,30.1,36,18,30,36.16198891,18-03-2013,24,56,80
19-03-2013,19,30.3,37,22.8,37,40.05929366,19-03-2013,19,47,66
20-03-2013,20,31.5,39,23.9,30,41.23898359,20-03-2013,32,69,101
21-03-2013,21,33.2,40,23,26,41.46671188,21-03-2013,19,46,65
22-03-2013,22,33.1,41,24,26,43.23431563,22-03-2013,32,52,84
23-03-2013,23,32.7,40,24.4,26,41.46671188,23-03-2013,36,40,76
24-03-2013,24,31.6,39,23,31,41.63466415,24-03-2013,24,52,76
25-03-2013,25,33.2,41,24,25,42.79642115,25-03-2013,34,62,96
26-03-2013,26,33.8,41,22,26,43.23431563,26-03-2013,30,66,96
27-03-2013,27,34.4,42,26,27,45.60011013,27-03-2013,35,60,95
28-03-2013,28,34.5,42,25.6,23,43.64226134,28-03-2013,30,39,69
29-03-2013,29,33.3,42,24,23,43.64226134,29-03-2013,32,47,79
30-03-2013,30,33.6,41,25,33,46.70824766,30-03-2013,27,59,86
31-03-2013,31,32.8,39,26,41,46.29765772,31-03-2013,33,51,84
01-04-2013,1,33.8,41,26.6,37,49.01445005,01-04-2013,33,49,82
02-04-2013,2,27.7,38.4,21.4,60,56.42872368,02-04-2013,32,50,82
03-04-2013,3,30.7,38,20.2,46,46.38290802,03-04-2013,23,42,65
04-04-2013,4,33.1,39,24.8,32,42.0431845,04-04-2013,27,59,86
05-04-2013,5,33,40,24,22,40.01842426,05-04-2013,28,49,77
06-04-2013,6,33.2,40,21,28,42.27320416,06-04-2013,28,56,84
07-04-2013,7,34.8,42,22,31,47.80518594,07-04-2013,34,55,89
08-04-2013,8,34.1,40,27,40,48.26503636,08-04-2013,32,51,83
09-04-2013,9,33.2,40,25,41,48.85356654,09-04-2013,24,51,75
10-04-2013,10,34.4,42,25.5,29,46.67174466,10-04-2013,27,60,87
11-04-2013,11,35.2,42,24,19,41.93163956,11-04-2013,30,44,74
12-04-2013,12,33.8,40,24,26,41.46671188,12-04-2013,20,63,83
13-04-2013,13,33.7,41,25,30,45.13184737,13-04-2013,27,62,89
14-04-2013,14,31.8,39,24,42,46.83457587,14-04-2013,28,52,80
15-04-2013,15,33.3,41,26,44,53.61222637,15-04-2013,23,59,82
16-04-2013,16,33.9,41,24,21,41.19079703,16-04-2013,21,57,78
17-04-2013,17,35.1,42,25.5,16,40.81091596,17-04-2013,33,54,87
18-04-2013,18,35.3,41,26.5,18,40.13983043,18-04-2013,28,74,102
19-04-2013,19,34.4,40.1,27,21,39.83774722,19-04-2013,20,38,58
20-04-2013,20,31.7,39,23.8,26,39.78465913,20-04-2013,30,34,64
21-04-2013,21,29.8,37.1,23,43,42.69786051,21-04-2013,35,46,81
22-04-2013,22,29.8,37,24.5,56,49.04373778,22-04-2013,27,45,72
23-04-2013,23,28.6,37,23,62,52.70794579,23-04-2013,23,52,75
24-04-2013,24,31.1,36,24.7,55,45.51148465,24-04-2013,29,52,81
25-04-2013,25,31.9,37,26,49,45.27055094,25-04-2013,23,44,67
26-04-2013,26,31.8,40,23.2,42,49.45582148,26-04-2013,25,54,79
27-04-2013,27,33.3,39,25.3,39,45.26234076,27-04-2013,26,51,77
28-04-2013,28,35.6,42,25,31,47.80518594,28-04-2013,32,66,98
29-04-2013,29,34.8,42,25,32,48.39508411,29-04-2013,18,53,71
30-04-2013,30,36.4,42,28.4,32,48.39508411,30-04-2013,38,62,100
01-05-2013,1,37.4,44,27,21,46.08189887,01-05-2013,25,64,89
02-05-2013,2,37.7,43,27.9,22,44.88177938,02-05-2013,39,65,104
03-05-2013,3,36.2,43,29,21,44.38641436,03-05-2013,24,64,88
04-05-2013,4,36.7,43,27,20,43.907343,04-05-2013,33,52,85
05-05-2013,5,35.6,43,27.5,39,55.79591614,05-05-2013,35,63,98
06-05-2013,6,36.6,43,27.2,36,53.52772497,06-05-2013,41,67,108
07-05-2013,7,36.2,44,27.2,36,56.27160022,07-05-2013,36,51,87
08-05-2013,8,35.6,43,29.2,37,54.26749502,08-05-2013,42,52,94
09-05-2013,9,36.8,43,27.6,25,46.46563648,09-05-2013,43,61,104
10-05-2013,10,37.2,45,30.2,18,46.06707224,10-05-2013,37,56,93
11-05-2013,11,38,45,27.5,17,45.51113208,11-05-2013,36,76,112
12-05-2013,12,35.5,41,28.9,23,41.96441833,12-05-2013,50,56,106
13-05-2013,13,36.6,43,25.9,21,44.38641436,13-05-2013,30,60,90
14-05-2013,14,35.9,42,28,21,42.75604708,14-05-2013,40,66,106
15-05-2013,15,36,42,28,26,45.0874704,15-05-2013,47,57,104
16-05-2013,16,35.3,42,29.3,27,45.60011013,16-05-2013,38,58,96
17-05-2013,17,35.5,42,30,28,46.12820155,17-05-2013,18,54,72
18-05-2013,18,37.4,43,29.2,22,44.88177938,18-05-2013,28,69,97
19-05-2013,19,34.7,42.7,29.2,33,50.67253053,19-05-2013,36,62,98
20-05-2013,20,37,43,29,24,45.92139045,20-05-2013,28,61,89
21-05-2013,21,35.9,43,29,28,48.19613659,21-05-2013,27,59,86
22-05-2013,22,38.6,46,30.3,18,47.68059527,22-05-2013,30,66,96
23-05-2013,23,38.2,44,30.2,16,43.54139777,23-05-2013,30,65,95
24-05-2013,24,37.8,44,29.8,17,44.01525535,24-05-2013,39,85,124
25-05-2013,25,36.9,42.4,29.1,22,43.85926085,25-05-2013,38,77,115
26-05-2013,26,35.4,41,29.7,26,43.23431563,26-05-2013,57,70,127
27-05-2013,27,32.6,40.4,28.4,41,49.91644696,27-05-2013,30,61,91
28-05-2013,28,32.2,41,25.9,43,52.91161504,28-05-2013,35,39,74
29-05-2013,29,31.2,39.9,25,48,53.04668147,29-05-2013,23,49,72
30-05-2013,30,30.8,39,22.3,56,55.69960691,30-05-2013,28,50,78
31-05-2013,31,33.1,41,26.2,40,50.89735333,31-05-2013,29,63,92
01-06-2013,1,30.9,38.9,25.2,51,51.92974841,01-06-2013,20,54,74
02-06-2013,2,30.2,37,25,55,48.47163048,02-06-2013,21,45,66
03-06-2013,3,31.1,38,23,51,49.1778762,03-06-2013,32,48,80
04-06-2013,4,28.7,36.4,22,64,51.83299112,04-06-2013,33,53,86
05-06-2013,5,30,36.4,24.2,60,49.43445581,05-06-2013,32,52,84
06-06-2013,6,29.7,36.4,23.3,63,51.21764956,06-06-2013,22,54,76
07-06-2013,7,30.2,34,26.2,60,42.17654097,07-06-2013,27,51,78
08-06-2013,8,28.3,35,25.4,66,48.11453561,08-06-2013,24,52,76
09-06-2013,9,29.8,34.5,23.7,53,40.6430743,09-06-2013,24,43,67
10-06-2013,10,27.9,33,23.6,62,40.25045383,10-06-2013,20,63,83
11-06-2013,11,27.5,32.9,23.3,69,42.73153613,11-06-2013,21,45,66
12-06-2013,12,25.9,31.9,22.7,74,41.5991039,12-06-2013,24,38,62
13-06-2013,13,26.1,29.4,22.5,68,33.21375494,13-06-2013,42,54,96
14-06-2013,14,24,27.3,22.2,80,30.41810759,14-06-2013,26,43,69
15-06-2013,15,27.7,30.7,21.8,62,34.69651164,15-06-2013,25,38,63
16-06-2013,16,28.3,33,24.4,54,37.49378481,16-06-2013,27,50,77
17-06-2013,17,29.4,33.2,23.8,58,39.30564267,17-06-2013,25,56,81
18-06-2013,18,29.4,33.2,23.9,54,37.94114603,18-06-2013,17,57,74
19-06-2013,19,29.8,34,23.6,55,40.18220269,19-06-2013,28,55,83
20-06-2013,20,30,34.6,24.6,53,40.88900674,20-06-2013,23,57,80
21-06-2013,21,28.3,34.4,24.3,62,44.20635371,21-06-2013,34,50,84
22-06-2013,22,27.3,33.8,24.8,67,44.67290887,22-06-2013,30,54,84
23-06-2013,23,25.4,31.6,23,76,41.39445066,23-06-2013,24,55,79
24-06-2013,24,25,27,23,76,29.37311352,24-06-2013,21,44,65
25-06-2013,25,24.7,28,20.8,72,30.93569989,25-06-2013,27,41,68
26-06-2013,26,25.7,29.8,22.7,79,36.79077523,26-06-2013,34,51,85
27-06-2013,27,29.7,34,22.6,56,40.56467027,27-06-2013,28,57,85
28-06-2013,28,29,33,23.5,53,37.18173217,28-06-2013,20,47,67
29-06-2013,29,27.7,33,24.2,62,40.25045383,29-06-2013,21,64,85
30-06-2013,30,29,33,23.4,57,38.47331738,30-06-2013,22,48,70
01-03-2014,1,24.9,31.1,20.6,63,35.84561956,01-03-2014,36,50,86
02-03-2014,2,23.1,30,19,77,36.83391274,02-03-2014,38,56,94
03-03-2014,3,22.6,30,20.2,74,36.03886131,03-03-2014,41,51,92
04-03-2014,4,20.7,28,18,79,31.94609196,04-03-2014,25,40,65
05-03-2014,5,22.8,27,18,69,28.77315277,05-03-2014,38,59,97
06-03-2014,6,23.1,28,20,71,30.79999628,06-03-2014,26,45,71
07-03-2014,7,23.6,29,19.4,70,32.72727353,07-03-2014,32,50,82
08-03-2014,8,25,29,20.3,60,31.03340823,08-03-2014,26,48,74
09-03-2014,9,25.4,31,19,54,33.44556606,09-03-2014,33,55,88
10-03-2014,10,24.8,29.1,20,56,30.5987492,10-03-2014,28,46,74
11-03-2014,11,28.2,35,20.8,42,37.83491348,11-03-2014,26,46,72
12-03-2014,12,27.2,33,21,45,34.94555897,12-03-2014,27,48,75
13-03-2014,13,28.6,35,21,34,35.58042326,13-03-2014,29,50,79
14-03-2014,14,29.3,35,18,40,37.21635106,14-03-2014,31,67,98
15-03-2014,15,29.9,37,20,34,39.00458388,15-03-2014,31,61,92
16-03-2014,16,28.9,36,20,38,38.46710096,16-03-2014,33,58,91
17-03-2014,17,31,37,21,33,38.67506769,17-03-2014,31,58,89
18-03-2014,18,32,38,22,26,38.1881574,18-03-2014,26,40,66
19-03-2014,19,31.3,38,20,28,38.79270367,19-03-2014,42,76,118
20-03-2014,20,32.6,40,21,26,41.46671188,20-03-2014,39,51,90
21-03-2014,21,32.5,39,21,28,40.4861418,21-03-2014,44,56,100
22-03-2014,22,31.9,39,24,30,41.23898359,22-03-2014,38,50,88
23-03-2014,23,32.1,40,22,35,45.52825658,23-03-2014,30,42,72
24-03-2014,24,30.9,39,23,42,46.83457587,24-03-2014,33,57,90
25-03-2014,25,32.4,40,23.6,32,44.05088564,25-03-2014,26,65,91
26-03-2014,26,32.2,40,23,31,43.58587816,26-03-2014,27,58,85
27-03-2014,27,33.2,41,23,23,41.96441833,27-03-2014,35,51,86
28-03-2014,28,33.2,40,22.8,23,40.35990904,28-03-2014,31,65,96
29-03-2014,29,32.6,41,22,25,42.79642115,29-03-2014,35,49,84
30-03-2014,30,33.7,41,23,26,43.23431563,30-03-2014,35,50,85
31-03-2014,31,34.6,42,23,25,44.59028236,31-03-2014,29,42,71
01-04-2014,1,32.3,40,25,31,43.58587816,01-04-2014,28,59,87
02-04-2014,2,32,39,23.3,30,41.23898359,02-04-2014,37,56,93
03-04-2014,3,31.6,39,23,35,43.34578421,03-04-2014,28,54,82
04-04-2014,4,33.4,40,22,29,42.69703741,04-04-2014,36,51,87
05-04-2014,5,33.7,41,22,25,42.79642115,05-04-2014,29,57,86
06-04-2014,6,33.9,41,21,23,41.96441833,06-04-2014,37,41,78
07-04-2014,7,33.9,43,23,27,47.60300955,07-04-2014,37,56,93
08-04-2014,8,34.1,43,24,27,47.60300955,08-04-2014,38,45,83
09-04-2014,9,30.6,39.9,24.9,36,45.81827263,09-04-2014,23,49,72
10-04-2014,10,32.3,38,22.2,27,38.48446029,10-04-2014,22,45,67
11-04-2014,11,33.6,40,23,22,40.01842426,11-04-2014,25,49,74
12-04-2014,12,34.1,41,25.4,22,41.57030999,12-04-2014,33,61,94
13-04-2014,13,31.1,41,24.4,42,52.22559909,13-04-2014,31,50,81
14-04-2014,14,28.7,38.2,24.4,61,56.40831053,14-04-2014,23,39,62
15-04-2014,15,31.9,38,24,43,44.84921297,15-04-2014,31,52,83
16-04-2014,16,32.8,39,24,38,44.76394196,16-04-2014,33,44,77
17-04-2014,17,32.7,41,26.3,38,49.6274891,17-04-2014,25,53,78
18-04-2014,18,31.1,38,26.6,44,45.34850417,18-04-2014,32,39,71
19-04-2014,19,33.4,40,24.4,36,46.04816304,19-04-2014,33,48,81
20-04-2014,20,33.3,40,23.4,27,41.86309564,20-04-2014,25,44,69
21-04-2014,21,32.4,40,25.4,38,47.12915021,21-04-2014,28,49,77
22-04-2014,22,34.6,40,24.6,26,41.46671188,22-04-2014,28,52,80
23-04-2014,23,34.4,41,25,33,46.70824766,23-04-2014,34,52,86
24-04-2014,24,33.9,40,26.2,36,46.04816304,24-04-2014,41,56,97
25-04-2014,25,34.5,41,22.4,38,49.6274891,25-04-2014,37,53,90
26-04-2014,26,36.3,42,27,30,47.23073946,26-04-2014,28,47,75
27-04-2014,27,33.8,40,27.8,41,48.85356654,27-04-2014,25,54,79
28-04-2014,28,36.3,42,26.6,28,46.12820155,28-04-2014,37,47,84
29-04-2014,29,35.1,42,27,32,48.39508411,29-04-2014,25,61,86
30-04-2014,30,33.7,41,26.5,39,50.25512352,30-04-2014,25,54,79
01-05-2014,1,35,42,25.5,32,48.39508411,01-05-2014,38,32,70
02-05-2014,2,35.6,42,27.6,31,47.80518594,02-05-2014,19,35,54
03-05-2014,3,31.7,40.7,24,50,57.09730573,03-05-2014,44,52,96
04-05-2014,4,32.8,41,24,34,47.26290519,04-05-2014,29,30,59
05-05-2014,5,32.6,39,24.8,41,46.29765772,05-05-2014,24,50,74
06-05-2014,6,32.2,37.7,25.1,49,47.17964457,06-05-2014,25,57,82
07-05-2014,7,33.6,39,25.1,41,46.29765772,07-05-2014,30,54,84
08-05-2014,8,30.4,39,23,56,55.69960691,08-05-2014,32,52,84
09-05-2014,9,25,27,23,82,29.9303681,09-05-2014,21,44,65
10-05-2014,10,30.7,36,22.8,52,44.05628079,10-05-2014,35,46,81
11-05-2014,11,32.6,38,26,30,39.4450119,11-05-2014,25,52,77
12-05-2014,12,34.2,40,24.1,27,41.86309564,12-05-2014,26,43,69
13-05-2014,13,34.2,40,26.8,26,41.46671188,13-05-2014,17,39,56
14-05-2014,14,34.4,40,26.4,26,41.46671188,14-05-2014,27,56,83
15-05-2014,15,33.6,39,26,27,40.12898058,15-05-2014,39,53,92
16-05-2014,16,34.9,41,25.8,29,44.63557136,16-05-2014,29,56,85
17-05-2014,17,34.1,39,27,33,42.46454462,17-05-2014,36,56,92
18-05-2014,18,33.9,42,27.6,32,48.39508411,18-05-2014,35,43,78
19-05-2014,19,32.4,41,26.6,44,53.61222637,19-05-2014,30,49,79
20-05-2014,20,33.5,41,26,37,49.01445005,20-05-2014,35,58,93
21-05-2014,21,33.6,39,28,40,45.77357935,21-05-2014,24,55,79
22-05-2014,22,35.3,43,27.4,26,47.02617618,22-05-2014,34,78,112
23-05-2014,23,36.4,43,27.6,20,43.907343,23-05-2014,28,53,81
24-05-2014,24,35.5,43,27.8,22,44.88177938,24-05-2014,37,60,97
25-05-2014,25,36.3,44,25.4,25,48.42248351,25-05-2014,33,64,97
26-05-2014,26,30.6,42,23.6,50,61.65548995,26-05-2014,37,47,84
27-05-2014,27,32.6,40,27.1,42,49.45582148,27-05-2014,32,57,89
28-05-2014,28,33.4,42,27.6,36,50.90919369,28-05-2014,31,44,75
29-05-2014,29,34.6,42,27.8,36,50.90919369,29-05-2014,34,52,86
30-05-2014,30,34.2,41,27.5,37,49.01445005,30-05-2014,29,34,63
31-05-2014,31,35.7,42,28.2,32,48.39508411,31-05-2014,28,45,73
01-06-2014,1,36.9,44,26.7,26,49.05043297,01-06-2014,27,52,79
02-06-2014,2,34.2,42.3,22.2,48,60.98054704,02-06-2014,28,72,100
03-06-2014,3,29.5,35,22.2,57,43.64160381,03-06-2014,35,48,83
04-06-2014,4,31.9,39,26.2,52,52.90994529,04-06-2014,36,56,92
05-06-2014,5,33.6,39.3,26,41,47.04923654,05-06-2014,33,50,83
06-06-2014,6,33.8,39.9,27.8,44,50.41902157,06-06-2014,39,54,93
07-06-2014,7,33.8,40,26.8,42,49.45582148,07-06-2014,36,43,79
08-06-2014,8,33.6,38.2,28.4,44,45.8556979,08-06-2014,32,55,87
09-06-2014,9,31.1,36.8,26.7,49,44.74083957,09-06-2014,29,56,85
10-06-2014,10,32.7,39,25,40,45.77357935,10-06-2014,27,44,71
11-06-2014,11,33.6,38,26,39,42.97145308,11-06-2014,31,37,68
12-06-2014,12,34.1,39,25.1,34,42.89874453,12-06-2014,40,51,91
13-06-2014,13,32.6,38,24.7,40,43.42298232,13-06-2014,36,51,87
14-06-2014,14,30.2,36.1,23.8,47,42.07126566,14-06-2014,28,46,74
15-06-2014,15,29.8,36,24,47,41.83291942,15-06-2014,35,46,81
16-06-2014,16,31.2,36,23.4,43,40.2360109,16-06-2014,30,60,90
17-06-2014,17,31.6,37,24.2,40,41.21324526,17-06-2014,31,51,82
18-06-2014,18,30.8,35,24.1,44,38.49010248,18-06-2014,28,44,72
19-06-2014,19,28.7,34.3,23.4,50,39.05887654,19-06-2014,25,46,71
20-06-2014,20,30.4,35,24,44,38.49010248,20-06-2014,28,55,83
21-06-2014,21,31.3,36.3,25.9,42,40.49913009,21-06-2014,23,49,72
22-06-2014,22,31.6,36,25.7,43,40.2360109,22-06-2014,25,50,75
23-06-2014,23,32.1,37,24.4,37,40.05929366,23-06-2014,25,50,75
24-06-2014,24,32.1,38,24,36,41.68850829,24-06-2014,28,57,85
25-06-2014,25,32.3,38,24.2,36,41.68850829,25-06-2014,34,47,81
26-06-2014,26,30.2,36,24.2,40,39.14436817,26-06-2014,26,59,85
27-06-2014,27,29.2,36,23.9,51,43.59141067,27-06-2014,19,54,73
28-06-2014,28,29.4,34.8,23.1,54,41.7984751,28-06-2014,23,53,76
29-06-2014,29,29.6,34,22.8,48,37.7345308,29-06-2014,22,50,72
30-06-2014,30,32.4,37.2,24.1,34,39.37284995,30-06-2014,35,45,80
01-03-2015,1,23.3,33.2,18,69,43.67052481,01-03-2015,34,52,86
02-03-2015,2,25.8,30,20.8,59,32.63470064,02-03-2015,30,62,92
03-03-2015,3,27.4,32,21.2,45,33.24252137,03-03-2015,33,61,94
04-03-2015,4,26.2,33,19,35,32.80096222,04-03-2015,28,59,87
05-03-2015,5,27.2,34,19,48,37.7345308,05-03-2015,41,65,106
06-03-2015,6,26.2,33.3,23,64,41.86016233,06-03-2015,30,47,77
07-03-2015,7,27.6,33,22,53,37.18173217,07-03-2015,32,60,92
08-03-2015,8,27.8,34,20.4,56,40.56467027,08-03-2015,35,40,75
09-03-2015,9,24.3,32.6,19,58,37.85651542,09-03-2015,34,61,95
10-03-2015,10,25.4,30,21,59,32.63470064,10-03-2015,31,58,89
11-03-2015,11,27,33,17,34,32.62626264,11-03-2015,31,72,103
12-03-2015,12,26.2,33.5,17,45,35.85705249,12-03-2015,32,75,107
13-03-2015,13,28.9,35,18,32,35.10836714,13-03-2015,26,84,110
14-03-2015,14,28.7,36,19,32,36.6776734,14-03-2015,35,66,101
15-03-2015,15,28.7,38,20,39,42.97145308,15-03-2015,38,48,86
16-03-2015,16,30.7,38,22,30,39.4450119,16-03-2015,34,66,100
17-03-2015,17,31.1,38,21,30,39.4450119,17-03-2015,39,64,103
18-03-2015,18,31.9,39,24,25,39.45317747,18-03-2015,38,58,96
19-03-2015,19,29.4,37,22,29,37.46727162,19-03-2015,34,55,89
20-03-2015,20,31.6,37,22.2,23,35.98638356,20-03-2015,30,74,104
21-03-2015,21,30.6,39,20,26,39.78465913,21-03-2015,38,55,93
22-03-2015,22,31.2,38,21,33,40.51302789,22-03-2015,35,68,103
23-03-2015,23,31.7,39,21,25,39.45317747,23-03-2015,41,60,101
24-03-2015,24,32.6,39,21,25,39.45317747,24-03-2015,35,69,104
25-03-2015,25,31.8,38.1,22,31,39.96888228,25-03-2015,47,68,115
26-03-2015,26,30.3,37,22,38,40.43291733,26-03-2015,33,64,97
27-03-2015,27,30.4,37,23,40,41.21324526,27-03-2015,33,55,88
28-03-2015,28,31.3,38,21,32,40.14508207,28-03-2015,32,63,95
29-03-2015,29,31.3,38,24,39,42.97145308,29-03-2015,31,62,93
30-03-2015,30,27.6,36.9,24.2,59,50.49339856,30-03-2015,29,54,83
31-03-2015,31,30.6,36,23.6,41,39.49815016,31-03-2015,25,48,73
01-04-2015,1,32.6,40,23,35,45.52825658,01-04-2015,34,71,105
02-04-2015,2,33.3,40,25,34,45.02207486,02-04-2015,38,65,103
03-04-2015,3,33.3,39.1,25.4,25,39.61259783,03-04-2015,45,60,105
04-04-2015,4,31.8,39.1,25.8,23,38.97855103,04-04-2015,34,65,99
05-04-2015,5,33.4,39.4,24.2,25,40.09574848,05-04-2015,37,50,87
06-04-2015,6,31.2,39.4,21.6,55,56.37975365,06-04-2015,36,74,110
07-04-2015,7,31.1,40,24,48,53.35757071,07-04-2015,37,66,103
08-04-2015,8,30.9,37.8,24,40,42.96976611,08-04-2015,32,51,83
09-04-2015,9,30.7,39,24.6,50,51.59215316,09-04-2015,42,54,96
10-04-2015,10,29.7,38,24,53,50.37944689,10-04-2015,37,60,97
11-04-2015,11,26.1,37.4,21.4,60,52.82408912,11-04-2015,37,48,85
12-04-2015,12,22.3,36.2,19,72,56.298448,12-04-2015,18,72,90
13-04-2015,13,23.9,30,16.5,67,34.33180336,13-04-2015,29,47,76
14-04-2015,14,22.9,29.5,16.7,63,32.45047399,14-04-2015,28,56,84
15-04-2015,15,27,32,17.4,50,34.36367941,15-04-2015,29,67,96
16-04-2015,16,26.9,32,21,52,34.85584956,16-04-2015,17,65,82
17-04-2015,17,28.3,34,22.2,45,36.80852916,17-04-2015,29,55,84
18-04-2015,18,31.5,37,21,34,39.00458388,18-04-2015,31,82,113
19-04-2015,19,31.9,38,22,42,44.36186227,19-04-2015,30,55,85
20-04-2015,20,32.7,38,26,36,41.68850829,20-04-2015,31,67,98
21-04-2015,21,33.6,40,25,36,46.04816304,21-04-2015,24,78,102
22-04-2015,22,31.9,39.1,27,48,50.62120102,22-04-2015,31,57,88
23-04-2015,23,31.3,38.9,25,46,48.83050576,23-04-2015,31,59,90
24-04-2015,24,29.8,38.1,23,49,48.30904042,24-04-2015,32,73,105
25-04-2015,25,31.3,38,26,43,44.84921297,25-04-2015,44,53,97
26-04-2015,26,30.2,37.5,24,52,48.27382649,26-04-2015,27,69,96
27-04-2015,27,32.3,38,24.4,41,43.88645205,27-04-2015,23,63,86
28-04-2015,28,33.7,39.9,27.2,33,44.31800051,28-04-2015,41,62,103
29-04-2015,29,34.5,41,27.6,26,43.23431563,29-04-2015,29,55,84
30-04-2015,30,32.5,40.6,27,36,47.45382777,30-04-2015,43,73,116
01-05-2015,1,34.9,41,26.2,24,42.37312205,01-05-2015,33,80,113
02-05-2015,2,34,41,27,31,45.64271875,02-05-2015,44,66,110
03-05-2015,3,31.8,40.9,27,38,49.37166433,03-05-2015,46,75,121
04-05-2015,4,30.7,39.6,26,48,52.12428598,04-05-2015,39,64,103
05-05-2015,5,31.1,37.2,24,45,43.84478079,05-05-2015,37,64,101
06-05-2015,6,32,39,24,34,42.89874453,06-05-2015,39,67,106
07-05-2015,7,32.4,38.6,25,45,47.43812383,07-05-2015,33,62,95
08-05-2015,8,33.6,41,25,28,44.15389074,08-05-2015,42,64,106
09-05-2015,9,34.7,41,27,31,45.64271875,09-05-2015,47,71,118
10-05-2015,10,33.2,40.2,28.8,29,43.07693305,10-05-2015,34,58,92
11-05-2015,11,32.1,38,28.8,44,45.34850417,11-05-2015,37,62,99
12-05-2015,12,33.7,40,26,33,44.52961788,12-05-2015,26,63,89
13-05-2015,13,31.9,38.4,25,40,44.34631794,13-05-2015,39,80,119
14-05-2015,14,31.7,37.1,26,44,43.14342501,14-05-2015,27,77,104
15-05-2015,15,28.7,38,23,57,52.92587414,15-05-2015,36,67,103
16-05-2015,16,28.8,37.2,23.6,60,52.12896235,16-05-2015,33,51,84
17-05-2015,17,31.7,37.4,25,49,46.35096562,17-05-2015,34,61,95
18-05-2015,18,35.1,41,27,33,46.70824766,18-05-2015,39,59,98
19-05-2015,19,35,42.5,28.9,38,53.62461735,19-05-2015,32,62,94
20-05-2015,20,36.6,43,29,28,48.19613659,20-05-2015,36,64,100
21-05-2015,21,37.3,45,31.2,24,49.77934078,21-05-2015,52,91,143
22-05-2015,22,36.1,44.3,30.2,29,51.72548455,22-05-2015,48,99,147
23-05-2015,23,36.7,43.6,30,26,48.23046414,23-05-2015,49,81,130
24-05-2015,24,35.7,42.5,29.2,25,45.51777281,24-05-2015,48,75,123
25-05-2015,25,36.3,41.5,29.6,27,44.63225847,25-05-2015,49,83,132
26-05-2015,26,36.1,43,30,25,46.46563648,26-05-2015,39,78,117
27-05-2015,27,36.3,42.8,30.5,27,47.19526209,27-05-2015,43,95,138
28-05-2015,28,36.7,43,29.6,28,48.19613659,28-05-2015,52,87,139
29-05-2015,29,33.8,43.6,26.1,35,54.39059047,29-05-2015,41,85,126
30-05-2015,30,35.3,42,25,29,46.67174466,30-05-2015,35,71,106
31-05-2015,31,36.9,43,28,29,48.8055573,31-05-2015,37,68,105
01-06-2015,1,31,42.8,26,47,61.85523283,01-06-2015,47,77,124
02-06-2015,2,31.3,39,27,45,48.522369,02-06-2015,28,56,84
03-06-2015,3,33.9,38,24.9,35,41.284741,03-06-2015,34,49,83
04-06-2015,4,34.9,40,22,33,44.52961788,04-06-2015,30,68,98
05-06-2015,5,30.4,36.6,21.8,54,46.72965386,05-06-2015,39,57,96
06-06-2015,6,29.8,35.5,26,54,43.64171188,06-06-2015,32,70,102
07-06-2015,7,29.6,36.8,22.5,61,51.37716984,07-06-2015,29,65,94
08-06-2015,8,31.4,36.3,24.8,50,43.90983881,08-06-2015,27,64,91
09-06-2015,9,29.8,35.3,24,52,42.2313378,09-06-2015,36,63,99
10-06-2015,10,31.7,37,25.6,46,43.8188739,10-06-2015,22,63,85
11-06-2015,11,30.5,37.2,26.6,53,47.94911028,11-06-2015,35,63,98
12-06-2015,12,26.8,34,22,71,47.28568875,12-06-2015,35,51,86
13-06-2015,13,26.3,34.7,21.9,76,52.7204781,13-06-2015,23,62,85
14-06-2015,14,26,31.3,22.3,76,40.43617928,14-06-2015,29,51,80
15-06-2015,15,25.6,30.1,23,73,36.04505452,15-06-2015,36,50,86
16-06-2015,16,27.6,31.4,23.4,61,35.984064,16-06-2015,23,49,72
17-06-2015,17,26.2,30.5,23,75,37.70239699,17-06-2015,28,52,80
18-06-2015,18,26.3,30.7,23.6,67,35.97678142,18-06-2015,16,53,69
19-06-2015,19,26.5,31.6,21,62,36.72987026,19-06-2015,37,55,92
20-06-2015,20,25.8,31.5,23,67,38.00051438,20-06-2015,36,68,104
21-06-2015,21,23.7,28.8,22,84,35.0321151,21-06-2015,24,57,81
22-06-2015,22,27.1,30,22.5,62,33.23938658,22-06-2015,30,66,96
23-06-2015,23,29,33.6,23.8,54,38.85907174,23-06-2015,26,74,100
24-06-2015,24,28.6,33.6,24.6,57,39.93802023,24-06-2015,37,51,88
25-06-2015,25,29,33.9,24.9,56,40.31313256,25-06-2015,23,57,80
26-06-2015,26,29.3,34.2,24,55,40.67967031,26-06-2015,43,64,107
27-06-2015,27,27.1,34.2,24,64,44.52864937,27-06-2015,32,72,104
28-06-2015,28,28.8,34,24,57,40.95533788,28-06-2015,24,51,75
29-06-2015,29,28.2,35.1,25,60,45.34935938,29-06-2015,34,58,92
30-06-2015,30,29.6,35.4,25,51,42.05770161,30-06-2015,33,60,93
