Date,Day,T,TM,Tm,H,HI-C,HI-F,DeathDate,Male,Female,Total
01-03-2006,1,21.9,29.6,11.8,34,28.68,83.63,01-03-2006,22,25,47
02-03-2006,2,23.6,30.9,14.3,26,29.31,84.76,02-03-2006,22,18,40
03-03-2006,3,24.9,33,15.4,27,31.61,88.89,03-03-2006,30,14,44
04-03-2006,4,25.9,32.6,19.4,33,31.94,89.49,04-03-2006,32,13,45
05-03-2006,5,24.8,32.4,18.6,39,32.67,90.81,05-03-2006,30,15,45
06-03-2006,6,25.7,33,16.9,34,32.63,90.73,06-03-2006,30,11,41
07-03-2006,7,23.6,33,15.5,38,33.37,92.06,07-03-2006,31,17,48
08-03-2006,8,24.7,33.8,19.4,41,35.34,95.61,08-03-2006,29,12,41
09-03-2006,9,19.3,33.8,9,75,48.63,119.54,09-03-2006,30,17,47
10-03-2006,10,17.9,28.3,15,85,33.76,92.76,10-03-2006,25,15,40
11-03-2006,11,19.6,28,14,75,31.36,88.44,11-03-2006,29,16,45
12-03-2006,12,21.7,28,14.1,58,29.23,84.62,12-03-2006,23,17,40
13-03-2006,13,22.6,30.2,15.4,55,32.23,90.01,13-03-2006,28,25,53
14-03-2006,14,19.9,30.2,17,76,37.13,98.84,14-03-2006,32,21,53
15-03-2006,15,20.8,28,15.6,63,29.79,85.63,15-03-2006,28,16,44
16-03-2006,16,20.5,28.4,16,61,30.19,86.34,16-03-2006,33,8,41
17-03-2006,17,21.9,29,13.6,42,28.79,83.82,17-03-2006,29,18,47
18-03-2006,18,23.9,30,14.4,33,28.99,84.18,18-03-2006,26,16,42
19-03-2006,19,24.3,32,15,32,31.06,87.90,19-03-2006,25,19,44
20-03-2006,20,28.3,35,19.7,28,34.27,93.69,20-03-2006,36,20,56
21-03-2006,21,24.1,34.8,17.8,42,37.45,99.41,21-03-2006,30,20,50
22-03-2006,22,25,31.8,15,35,31.22,88.19,22-03-2006,34,14,48
23-03-2006,23,25.1,34,17,39,35.18,95.32,23-03-2006,28,14,42
24-03-2006,24,27,36.6,18,34,38.28,100.91,24-03-2006,35,19,54
25-03-2006,25,27.3,36.6,19.6,35,38.60,101.49,25-03-2006,38,16,54
26-03-2006,26,24.9,33.4,20.3,32,32.83,91.09,26-03-2006,21,14,35
27-03-2006,27,24.7,31,16.8,33,30.03,86.06,27-03-2006,25,16,41
28-03-2006,28,24.5,31.8,17.4,35,31.22,88.19,28-03-2006,24,17,41
29-03-2006,29,25.7,32,15.2,35,31.47,88.64,29-03-2006,20,16,36
30-03-2006,30,25.7,34.1,15.9,35,34.41,93.93,30-03-2006,29,15,44
31-03-2006,31,27.3,36,18,27,35.46,95.84,31-03-2006,28,21,49
01-04-2006,1,27.8,36,19.8,21,34.34,93.81,01-04-2006,37,19,56
02-04-2006,2,31.5,37.5,20,21,36.23,97.21,02-04-2006,31,19,50
03-04-2006,3,29,37.5,19.8,28,37.98,100.37,03-04-2006,34,15,49
04-04-2006,4,30.1,37.1,21,25,36.58,97.84,04-04-2006,37,16,53
05-04-2006,5,29,38.8,20.2,28,40.14,104.25,05-04-2006,35,16,51
06-04-2006,6,30.4,40,21.8,27,41.86,107.35,06-04-2006,29,12,41
07-04-2006,7,31.9,40.3,23,21,40.13,104.24,07-04-2006,23,21,44
08-04-2006,8,31.2,40.6,22.6,29,43.85,110.93,08-04-2006,29,14,43
09-04-2006,9,32.9,40.6,25,21,40.58,105.05,09-04-2006,29,16,45
10-04-2006,10,30.3,40.2,25.6,17,38.77,101.79,10-04-2006,24,21,45
11-04-2006,11,29.2,36.2,23,22,34.75,94.55,11-04-2006,24,19,43
12-04-2006,12,29.4,36.2,22.4,12,33.30,91.93,12-04-2006,46,16,62
13-04-2006,13,30.1,35.7,23,10,32.24,90.02,13-04-2006,33,15,48
14-04-2006,14,30.3,37.1,22.2,11,33.87,92.97,14-04-2006,28,17,45
15-04-2006,15,29.4,38,19.8,17,36.06,96.91,15-04-2006,25,17,42
16-04-2006,16,29.7,37.8,22.2,19,36.20,97.16,16-04-2006,25,19,44
17-04-2006,17,25.3,37.6,21,40,42.52,108.54,17-04-2006,39,5,44
18-04-2006,18,27.9,34.8,18.6,27,33.82,92.88,18-04-2006,25,19,44
19-04-2006,19,30.7,38.2,22.4,25,38.21,100.77,19-04-2006,28,15,43
20-04-2006,20,29.8,38.8,24.5,30,40.87,105.57,20-04-2006,26,16,42
21-04-2006,21,31.6,38.8,21,29,40.50,104.90,21-04-2006,32,9,41
22-04-2006,22,30.6,38.6,21.4,30,40.51,104.92,22-04-2006,28,22,50
23-04-2006,23,32.2,39.1,23,28,40.66,105.19,23-04-2006,13,22,35
24-04-2006,24,32.7,40.3,24,28,42.83,109.09,24-04-2006,38,13,51
25-04-2006,25,33.2,41.4,24,26,43.97,111.14,25-04-2006,37,21,58
26-04-2006,26,32.7,41.4,25,24,43.06,109.50,26-04-2006,28,22,50
27-04-2006,27,32.2,41.7,28,28,45.53,113.95,27-04-2006,38,16,54
28-04-2006,28,34.4,42.1,26.8,25,44.77,112.59,28-04-2006,32,17,49
29-04-2006,29,34.6,42.2,26,27,45.99,114.79,29-04-2006,29,23,52
30-04-2006,30,34.1,42.2,27.6,29,47.09,116.76,30-04-2006,33,15,48
01-05-2006,1,33.1,42.8,27,33,50.92,123.65,01-05-2006,44,24,68
02-05-2006,2,33.2,42.8,22.8,30,48.98,120.17,02-05-2006,42,22,64
03-05-2006,3,33.6,41.2,25.2,28,44.54,112.17,03-05-2006,27,16,43
04-05-2006,4,32.9,42.2,25,32,48.85,119.94,04-05-2006,30,21,51
05-05-2006,5,34.9,44,24.3,26,49.05,120.29,05-05-2006,37,22,59
06-05-2006,6,36.2,44.8,30,22,48.10,118.58,06-05-2006,36,22,58
07-05-2006,7,36.6,44.8,28.8,23,48.73,119.71,07-05-2006,35,20,55
08-05-2006,8,35.8,44.7,28.2,28,51.93,125.47,08-05-2006,41,19,60
09-05-2006,9,35.2,44.7,30,28,51.93,125.47,09-05-2006,40,25,65
10-05-2006,10,36.8,43.7,29.3,28,49.70,121.46,10-05-2006,26,21,47
11-05-2006,11,35.8,43.7,28.6,24,47.24,117.03,11-05-2006,29,20,49
12-05-2006,12,36.4,44.1,27,22,46.82,116.28,12-05-2006,35,21,56
13-05-2006,13,37.3,44.6,30.5,25,49.64,121.34,13-05-2006,38,21,59
14-05-2006,14,34.9,44.6,29,33,55.49,131.88,14-05-2006,31,16,47
15-05-2006,15,33.8,42.8,27.4,35,52.29,126.11,15-05-2006,35,13,48
16-05-2006,16,35.1,41.8,26.6,36,50.40,122.72,16-05-2006,26,9,35
17-05-2006,17,31.7,41.2,25.2,41,52.11,125.80,17-05-2006,28,20,48
18-05-2006,18,33.7,40.2,25.2,45,51.93,125.47,18-05-2006,24,14,38
19-05-2006,19,34.9,41.1,28.1,36,48.66,119.59,19-05-2006,34,26,60
20-05-2006,20,33.3,41.1,25.3,43,53.20,127.77,20-05-2006,38,17,55
21-05-2006,21,30.3,39.1,22.6,61,59.87,139.76,21-05-2006,30,13,43
22-05-2006,22,29.1,38.8,21.5,61,58.70,137.65,22-05-2006,35,23,58
23-05-2006,23,29.2,36.2,22.4,62,49.93,121.88,23-05-2006,29,26,55
24-05-2006,24,33.2,39.5,26.4,49,52.48,126.47,24-05-2006,33,21,54
25-05-2006,25,35.3,41,28.3,45,54.33,129.79,25-05-2006,42,24,66
26-05-2006,26,35.4,42.4,27.6,44,57.95,136.31,26-05-2006,42,19,61
27-05-2006,27,36.9,43.2,28.4,38,55.59,132.07,27-05-2006,31,16,47
28-05-2006,28,37.9,44.8,31.4,30,53.65,128.57,28-05-2006,33,13,46
29-05-2006,29,37.4,44.8,32,29,52.89,127.21,29-05-2006,44,22,66
30-05-2006,30,37.3,44.8,30.5,35,57.69,135.85,30-05-2006,34,28,62
31-05-2006,31,36.8,43.1,31,37,54.54,130.18,31-05-2006,40,16,56
01-06-2006,1,32.8,43.1,28,52,67.72,153.89,01-06-2006,39,22,61
02-06-2006,2,26.1,37.4,22.6,88,75.52,167.94,02-06-2006,32,20,52
03-06-2006,3,26.1,31.2,21.2,89,45.09,113.16,03-06-2006,18,17,35
04-06-2006,4,29.2,37.4,23.8,69,59.15,138.46,04-06-2006,29,17,46
05-06-2006,5,28.8,37.4,24,71,60.68,141.22,05-06-2006,26,10,36
06-06-2006,6,30.1,38,25.4,49,48.02,118.44,06-06-2006,23,16,39
07-06-2006,7,32.3,38,25.2,46,46.38,115.49,07-06-2006,30,27,57
08-06-2006,8,33.4,39.2,25.8,34,43.31,109.97,08-06-2006,21,18,39
09-06-2006,9,33.3,40.4,25,36,46.98,116.56,09-06-2006,24,15,39
10-06-2006,10,34.1,40.5,27.4,38,48.36,119.05,10-06-2006,22,19,41
11-06-2006,11,33.4,40.9,27,35,47.60,117.67,11-06-2006,26,11,37
12-06-2006,12,33.7,40.9,28.4,36,48.17,118.71,12-06-2006,23,18,41
13-06-2006,13,32,40.1,28,44,50.99,123.77,13-06-2006,26,26,52
14-06-2006,14,31,36.8,24.2,49,44.74,112.53,14-06-2006,22,20,42
15-06-2006,15,30.4,39,26,56,55.70,132.26,15-06-2006,29,20,49
16-06-2006,16,32.1,39.4,23,41,47.30,117.14,16-06-2006,25,14,39
17-06-2006,17,32.3,39.4,25.4,39,46.22,115.19,17-06-2006,22,11,33
18-06-2006,18,32.8,40,25.8,36,46.05,114.89,18-06-2006,24,24,48
19-06-2006,19,28,41,25,63,69.70,157.45,19-06-2006,31,18,49
20-06-2006,20,32.1,38.1,22.6,42,44.60,112.28,20-06-2006,21,27,48
21-06-2006,21,32.9,39.7,25.6,39,46.95,116.51,21-06-2006,35,12,47
22-06-2006,22,34.6,40.5,29.2,38,48.36,119.05,22-06-2006,31,17,48
23-06-2006,23,34.6,40.5,29.3,44,52.14,125.85,23-06-2006,20,17,37
24-06-2006,24,33,40.2,28.4,53,57.69,135.84,24-06-2006,29,19,48
25-06-2006,25,31.4,40.2,26,66,68.95,156.10,25-06-2006,33,19,52
26-06-2006,26,28.2,38.6,25,84,78.60,173.47,26-06-2006,42,22,64
27-06-2006,27,29.3,35,25,79,55.88,132.59,27-06-2006,30,18,48
28-06-2006,28,31.4,37.2,22.6,65,55.45,131.81,28-06-2006,23,13,36
29-06-2006,29,30.3,38.2,25.1,65,59.40,138.92,29-06-2006,25,17,42
30-06-2006,30,31.2,38.2,24,60,55.69,132.24,30-06-2006,25,15,40
01-03-2007,1,17.7,27.7,13,75,30.71,87.27,01-03-2007,20,15,35
02-03-2007,2,17.3,24.5,10.2,60,25.00,77.00,02-03-2007,23,12,35
03-03-2007,3,19.1,25.4,10.1,51,25.00,77.00,03-03-2007,29,16,45
04-03-2007,4,21.3,27.6,10.8,40,27.33,81.19,04-03-2007,34,21,55
05-03-2007,5,20.3,27.6,13.4,38,27.21,80.98,05-03-2007,30,17,47
06-03-2007,6,18.9,29.5,12.4,48,30.06,86.11,06-03-2007,28,28,56
07-03-2007,7,18,27,12,47,27.24,81.03,07-03-2007,22,20,42
08-03-2007,8,21.5,30.1,10,34,29.18,84.52,08-03-2007,37,19,56
09-03-2007,9,23.4,31,15,32,29.93,85.87,09-03-2007,29,20,49
10-03-2007,10,23.2,31,15.3,40,30.91,87.64,10-03-2007,25,24,49
11-03-2007,11,21.7,30.2,17.3,57,32.61,90.70,11-03-2007,34,15,49
12-03-2007,12,19.4,29.8,14.8,80,37.06,98.71,12-03-2007,39,16,55
13-03-2007,13,19.4,26,13.8,76,28.00,82.40,13-03-2007,27,13,40
14-03-2007,14,21.2,25.2,13.4,43,25.00,77.00,14-03-2007,27,17,44
15-03-2007,15,20.2,26,10.2,46,26.00,78.80,15-03-2007,24,24,48
16-03-2007,16,22.2,29.9,12,44,30.06,86.10,16-03-2007,43,13,56
17-03-2007,17,24.3,32,14.8,46,33.45,92.22,17-03-2007,35,20,55
18-03-2007,18,26.1,34.7,17.8,42,37.26,99.06,18-03-2007,37,18,55
19-03-2007,19,26.7,34.9,19,50,40.44,104.79,19-03-2007,31,19,50
20-03-2007,20,26.4,34.9,18.8,44,38.29,100.91,20-03-2007,28,17,45
21-03-2007,21,27,34.4,18.6,34,34.64,94.36,21-03-2007,42,13,55
22-03-2007,22,25.5,34.3,18.6,32,34.08,93.34,22-03-2007,26,21,47
23-03-2007,23,23.3,31.6,15.2,32,30.59,87.07,23-03-2007,32,18,50
24-03-2007,24,25.8,32,14,26,30.41,86.73,24-03-2007,33,14,47
25-03-2007,25,24.7,33.4,16.4,29,32.35,90.23,25-03-2007,33,23,56
26-03-2007,26,25.2,35,14.5,32,35.11,95.20,26-03-2007,32,14,46
27-03-2007,27,27.9,36.1,16.4,25,35.18,95.33,27-03-2007,25,14,39
28-03-2007,28,29.1,36,18,26,35.25,95.45,28-03-2007,27,19,46
29-03-2007,29,30.3,38,18.2,26,38.19,100.74,29-03-2007,31,15,46
30-03-2007,30,29.7,39.4,21.8,30,41.99,107.57,30-03-2007,38,19,57
31-03-2007,31,31.1,40,21,25,41.08,105.95,31-03-2007,40,24,64
01-04-2007,1,30.2,40,22.8,21,39.69,103.44,01-04-2007,32,15,47
02-04-2007,2,29.2,39,21.3,21,38.26,100.86,02-04-2007,43,27,70
03-04-2007,3,27.6,35.8,16.6,20,33.96,93.12,03-04-2007,24,23,47
04-04-2007,4,27.7,37.2,16.4,24,36.48,97.67,04-04-2007,23,16,39
05-04-2007,5,30.7,39,20,21,38.26,100.86,05-04-2007,24,25,49
06-04-2007,6,28.9,39.3,20.6,32,42.63,108.74,06-04-2007,23,26,49
07-04-2007,7,31,37.4,23.4,26,37.27,99.09,07-04-2007,23,19,42
08-04-2007,8,27.6,37.8,19.6,38,42.10,107.78,08-04-2007,28,15,43
09-04-2007,9,28.1,37.8,19,31,39.43,102.98,09-04-2007,24,19,43
10-04-2007,10,29.7,39.4,19,23,39.43,102.98,10-04-2007,34,22,56
11-04-2007,11,33,40,22.8,14,37.78,100.01,11-04-2007,22,20,42
12-04-2007,12,32.8,40.1,23.2,18,38.92,102.06,12-04-2007,26,19,45
13-04-2007,13,32.4,41,24,19,40.48,104.86,13-04-2007,30,15,45
14-04-2007,14,33.5,41.6,20,20,41.72,107.10,14-04-2007,29,15,44
15-04-2007,15,34.6,41.6,23,16,40.29,104.51,15-04-2007,23,18,41
17-04-2007,17,34.4,42.8,25,20,43.59,110.46,17-04-2007,43,19,62
18-04-2007,18,32.4,42.8,23.2,28,47.78,118.00,18-04-2007,28,16,44
19-04-2007,19,31.6,40.4,23,35,46.44,115.58,19-04-2007,29,24,53
20-04-2007,20,31.6,40.4,21,27,42.58,108.65,20-04-2007,26,15,41
21-04-2007,21,31.4,39,22.2,29,40.86,105.54,21-04-2007,33,22,55
22-04-2007,22,33.4,41.5,23.6,22,42.37,108.27,22-04-2007,30,24,54
23-04-2007,23,33.6,41.5,25.1,21,41.97,107.54,23-04-2007,34,24,58
24-04-2007,24,33.3,41.4,25.8,29,45.44,113.79,24-04-2007,26,20,46
25-04-2007,25,33.4,42.2,26.2,26,45.47,113.84,25-04-2007,28,13,41
26-04-2007,26,33.9,42.2,23.2,25,44.96,112.93,26-04-2007,26,15,41
27-04-2007,27,34.4,42,22.4,28,46.13,115.03,27-04-2007,31,17,48
01-05-2007,1,35.4,44.4,24.4,20,46.21,115.18,01-05-2007,41,16,57
02-05-2007,2,34.7,44.4,26.3,29,51.96,125.52,02-05-2007,31,28,59
03-05-2007,3,35,43.4,25.9,23,46.11,115.01,03-05-2007,31,10,41
04-05-2007,4,35.2,43.7,28,25,47.83,118.09,04-05-2007,28,26,54
05-05-2007,5,30.6,43.7,25,43,61.34,142.41,05-05-2007,37,19,56
06-05-2007,6,32,41.6,22.3,37,50.54,122.96,06-05-2007,30,16,46
07-05-2007,7,34.3,42.6,23.7,28,47.36,117.24,07-05-2007,28,19,47
08-05-2007,8,35.5,42.6,25.3,26,46.24,115.23,08-05-2007,41,18,59
09-05-2007,9,35.6,43.6,27.4,25,47.63,117.73,09-05-2007,24,19,43
10-05-2007,10,35.9,43.6,25.5,27,48.85,119.93,10-05-2007,43,13,56
11-05-2007,11,34.9,43,26,20,43.91,111.03,11-05-2007,21,18,39
12-05-2007,12,34.1,43,24,27,47.60,117.69,12-05-2007,30,19,49
13-05-2007,13,33.5,42.9,24.6,38,54.74,130.53,13-05-2007,25,17,42
14-05-2007,14,34.6,42.9,21.7,27,47.40,117.32,14-05-2007,26,16,42
15-05-2007,15,34.9,42.5,27,36,52.20,125.97,15-05-2007,28,22,50
16-05-2007,16,34.3,42.6,26.2,35,51.77,125.19,16-05-2007,32,24,56
17-05-2007,17,34.3,42.6,25.6,32,49.78,121.61,17-05-2007,22,15,37
18-05-2007,18,35.5,42.9,25.6,24,45.74,114.33,18-05-2007,29,29,58
19-05-2007,19,35.2,42.9,28,25,46.27,115.29,19-05-2007,29,15,44
20-05-2007,20,34.2,40.3,27,35,46.21,115.17,20-05-2007,33,20,53
21-05-2007,21,33.5,40.4,25.6,32,44.88,112.79,21-05-2007,42,19,61
22-05-2007,22,33,40.7,24.4,23,41.48,106.66,22-05-2007,25,21,46
23-05-2007,23,33.7,40.7,25,20,40.38,104.69,23-05-2007,38,15,53
24-05-2007,24,33.7,41.6,25.9,20,41.72,107.10,24-05-2007,34,12,46
25-05-2007,25,34.8,41.6,25,20,41.72,107.10,25-05-2007,23,17,40
26-05-2007,26,33.6,41.2,25.4,24,42.71,108.89,26-05-2007,23,17,40
27-05-2007,27,32.4,40.6,22,30,44.32,111.78,27-05-2007,35,28,63
28-05-2007,28,31.2,39.3,24.2,34,43.52,110.34,28-05-2007,31,21,52
29-05-2007,29,30.9,39.5,22.5,30,42.17,107.91,29-05-2007,25,16,41
30-05-2007,30,34.4,39.9,25.5,25,40.92,105.65,30-05-2007,26,18,44
31-05-2007,31,35.6,42,25,24,44.11,111.40,31-05-2007,29,14,43
01-06-2007,1,35.8,43.5,26.3,23,46.30,115.33,01-06-2007,27,20,47
02-06-2007,2,36.1,43.9,26,22,46.46,115.63,02-06-2007,26,26,52
03-06-2007,3,33.6,43.9,27.4,32,52.93,127.27,03-06-2007,30,15,45
04-06-2007,4,29.7,42.1,22.4,53,64.74,148.53,04-06-2007,30,13,43
05-06-2007,5,32.8,39.6,23.7,43,48.98,120.16,05-06-2007,17,20,37
06-06-2007,6,36.9,41.6,26.8,33,48.07,118.53,06-06-2007,33,25,58
07-06-2007,7,36.3,42.3,28.8,34,50.35,122.63,07-06-2007,29,16,45
08-06-2007,8,36.2,43,29,30,49.43,120.98,08-06-2007,30,18,48
09-06-2007,9,37.2,44,29.5,32,53.18,127.72,09-06-2007,40,16,56
10-06-2007,10,38.3,45.2,30.2,27,52.32,126.18,10-06-2007,43,23,66
11-06-2007,11,38,45.2,29,31,55.43,131.78,11-06-2007,38,32,70
12-06-2007,12,37.7,44,29.5,36,56.27,133.29,12-06-2007,37,30,67
13-06-2007,13,37.7,43.8,29.9,33,53.41,128.14,13-06-2007,28,22,50
14-06-2007,14,37.8,43.8,30.6,37,56.51,133.72,14-06-2007,47,33,80
15-06-2007,15,35.1,42.8,27,45,60.10,140.18,15-06-2007,52,37,89
16-06-2007,16,30,41.8,25.1,68,78.88,173.98,16-06-2007,58,34,92
17-06-2007,17,28.6,38.5,23.6,71,65.64,150.14,17-06-2007,31,19,50
18-06-2007,18,32.2,37.2,23.6,59,51.50,124.70,18-06-2007,37,19,56
19-06-2007,19,32.1,38.4,25.2,54,52.29,126.12,19-06-2007,29,19,48
20-06-2007,20,30.4,38.4,25,61,57.16,134.89,20-06-2007,28,22,50
21-06-2007,21,31.3,39.1,25.2,61,59.87,139.76,21-06-2007,27,11,38
22-06-2007,22,32.9,39.2,25,59,58.68,137.63,22-06-2007,25,15,40
23-06-2007,23,33.7,39.2,27.2,55,55.68,132.22,23-06-2007,23,12,35
24-06-2007,24,34,39.8,27.4,54,57.04,134.68,24-06-2007,34,16,50
25-06-2007,25,32.4,39.8,25,54,57.04,134.68,25-06-2007,30,24,54
26-06-2007,26,33.6,38.4,27,48,48.59,119.46,26-06-2007,22,25,47
27-06-2007,27,33.6,38.8,22,48,49.74,121.53,27-06-2007,34,22,56
28-06-2007,28,26.8,38.4,24,86,79.49,175.09,28-06-2007,43,18,61
29-06-2007,29,30.2,35.5,23,71,52.83,127.10,29-06-2007,19,12,31
30-06-2007,30,32.7,36.6,27.2,56,47.81,118.06,30-06-2007,24,18,42
01-03-2008,1,24.4,35.2,13.4,24,33.83,92.90,01-03-2008,37,37,74
02-03-2008,2,26.2,35.3,13.8,24,33.96,93.13,02-03-2008,35,15,50
03-03-2008,3,26.2,35.3,14,23,33.80,92.84,03-03-2008,37,27,64
04-03-2008,4,25.7,35.2,13,28,34.55,94.19,04-03-2008,50,20,70
05-03-2008,5,27,36,16.6,26,35.25,95.45,05-03-2008,46,15,61
06-03-2008,6,25.2,35.9,15.2,29,35.77,96.39,06-03-2008,21,27,48
07-03-2008,7,25.4,35.7,14.4,24,34.47,94.04,07-03-2008,37,24,61
08-03-2008,8,26.1,35.4,14.2,25,34.26,93.66,08-03-2008,37,33,70
09-03-2008,9,25.4,34,19.4,35,34.25,93.66,09-03-2008,34,26,60
10-03-2008,10,24.3,33.3,16.6,34,33.04,91.47,10-03-2008,37,27,64
11-03-2008,11,22.6,31,19,44,31.53,88.76,11-03-2008,44,13,57
12-03-2008,12,23.4,30,16,44,30.18,86.33,12-03-2008,35,23,58
13-03-2008,13,22,26,17,56,26.80,80.24,13-03-2008,40,24,64
14-03-2008,14,24.3,32.7,13,39,33.12,91.61,14-03-2008,33,20,53
15-03-2008,15,24.6,33.8,14.4,36,34.17,93.50,15-03-2008,46,27,73
16-03-2008,16,27.4,37.2,15.2,27,37.23,99.02,16-03-2008,37,20,57
17-03-2008,17,27.7,37.2,17.3,23,36.26,97.26,17-03-2008,39,20,59
18-03-2008,18,28.8,38,17,21,36.89,98.39,18-03-2008,27,23,50
19-03-2008,19,30.4,38,18.8,18,36.25,97.25,19-03-2008,28,22,50
20-03-2008,20,27.4,37.2,20.2,30,38.08,100.55,20-03-2008,35,23,58
21-03-2008,21,28,36.2,17.4,26,35.53,95.95,21-03-2008,32,12,44
22-03-2008,22,26.7,36.6,15.2,24,35.66,96.18,22-03-2008,26,23,49
23-03-2008,23,28.8,36.6,18.4,21,35.08,95.14,23-03-2008,30,25,55
24-03-2008,24,29.2,36.8,18.4,24,35.93,96.67,24-03-2008,35,15,50
25-03-2008,25,28.3,36.8,18.8,24,35.93,96.67,25-03-2008,33,20,53
26-03-2008,26,27.7,36.6,18.2,28,36.58,97.84,26-03-2008,37,23,60
27-03-2008,27,29.4,37.8,16.7,22,36.85,98.33,27-03-2008,33,18,51
28-03-2008,28,27.7,38,19,25,37.90,100.23,28-03-2008,41,21,62
29-03-2008,29,30.5,39,17.1,19,37.73,99.92,29-03-2008,35,25,60
30-03-2008,30,29.2,37.8,20,26,37.88,100.18,30-03-2008,27,19,46
31-03-2008,31,26.5,37.8,21,37,41.68,107.03,31-03-2008,36,21,57
01-04-2008,1,23.6,36.5,17.2,48,43.50,110.29,01-04-2008,25,17,42
02-04-2008,2,24.7,34,15.3,56,40.56,105.02,02-04-2008,35,11,46
03-04-2008,3,23,33.8,14.6,59,41.22,106.20,03-04-2008,26,11,37
04-04-2008,4,20.7,29.4,16.1,71,33.83,92.90,04-04-2008,28,10,38
05-04-2008,5,21.5,30.6,17.2,56,33.14,91.65,05-04-2008,34,16,50
06-04-2008,6,25.3,31,15.1,40,30.91,87.64,06-04-2008,38,14,52
07-04-2008,7,25.5,33.1,16.6,41,34.16,93.49,07-04-2008,25,22,47
08-04-2008,8,27.8,35.8,16.6,32,36.36,97.44,08-04-2008,24,19,43
09-04-2008,9,29.6,37.2,17.2,30,38.08,100.55,09-04-2008,36,26,62
10-04-2008,10,31.2,38.4,19.1,30,40.15,104.27,10-04-2008,34,25,59
11-04-2008,11,31.9,39.8,20,21,39.40,102.92,11-04-2008,31,15,46
12-04-2008,12,30.6,39.8,22,38,46.65,115.96,12-04-2008,23,27,50
13-04-2008,13,30.9,38.4,19.8,39,43.87,110.97,13-04-2008,29,19,48
14-04-2008,14,30.6,38.6,19.6,29,40.15,104.26,14-04-2008,32,16,48
15-04-2008,15,30.2,38.6,22.6,29,40.15,104.26,15-04-2008,37,11,48
16-04-2008,16,30.1,38.8,20.1,28,40.14,104.25,16-04-2008,25,18,43
17-04-2008,17,27.9,38.8,20,29,40.50,104.90,17-04-2008,33,17,50
18-04-2008,18,28.6,36.4,17.8,26,35.81,96.46,18-04-2008,25,14,39
19-04-2008,19,30.2,39,17.8,23,38.83,101.89,19-04-2008,32,15,47
20-04-2008,20,29.4,40.2,18,23,40.67,105.21,20-04-2008,38,23,61
21-04-2008,21,32.4,40.2,20.2,22,40.32,104.58,21-04-2008,40,17,57
22-04-2008,22,32.7,40.6,22,22,40.94,105.69,22-04-2008,40,22,62
23-04-2008,23,32.9,41.3,22.2,20,41.27,106.29,23-04-2008,34,20,54
24-04-2008,24,33.2,41.8,21.6,19,41.64,106.94,24-04-2008,41,22,63
25-04-2008,25,34,41.8,22.8,20,42.03,107.65,25-04-2008,27,12,39
27-04-2008,27,33.9,42,21.9,17,41.17,106.10,27-04-2008,40,23,63
28-04-2008,28,32.7,42.8,19.4,20,43.59,110.46,28-04-2008,52,23,75
29-04-2008,29,34.6,43.2,22,16,42.43,108.37,29-04-2008,21,24,45
30-04-2008,30,34.4,43.2,23,17,42.85,109.14,30-04-2008,34,17,51
01-05-2008,1,34.5,42.2,22.4,19,42.23,108.01,01-05-2008,34,19,53
02-05-2008,2,33.2,42.2,22.4,24,44.46,112.04,02-05-2008,33,15,48
03-05-2008,3,36.1,44.4,23.4,19,45.66,114.18,03-05-2008,27,17,44
04-05-2008,4,35.5,44.4,30,18,45.12,113.22,04-05-2008,42,18,60
05-05-2008,5,33.6,41.8,26,30,46.80,116.25,05-05-2008,26,17,43
06-05-2008,6,31.7,41.8,24,30,46.80,116.25,06-05-2008,34,24,58
07-05-2008,7,30.9,40,25,33,44.53,112.15,07-05-2008,28,15,43
08-05-2008,8,30.2,39.8,24,42,48.92,120.06,08-05-2008,25,21,46
09-05-2008,9,29.4,39.8,17.2,43,49.52,121.14,09-05-2008,24,22,46
10-05-2008,10,28.2,37.2,22,51,46.86,116.34,10-05-2008,42,14,56
11-05-2008,11,30.6,39,21,42,46.83,116.30,11-05-2008,25,11,36
12-05-2008,12,31.6,41,24,36,48.42,119.15,12-05-2008,31,12,43
13-05-2008,13,30.9,41,18.6,43,52.91,127.24,13-05-2008,71,26,97
14-05-2008,14,30.3,39.6,25,52,54.88,130.79,14-05-2008,25,15,40
15-05-2008,15,32.8,40.6,24.8,38,48.61,119.50,15-05-2008,43,10,53
16-05-2008,16,34.4,40.7,27.6,33,46.04,114.88,16-05-2008,30,18,48
17-05-2008,17,35.4,43.6,29.1,31,51.48,124.67,17-05-2008,35,14,49
18-05-2008,18,35.1,43.6,29.4,33,52.90,127.23,18-05-2008,33,24,57
19-05-2008,19,33.1,41,26,36,48.42,119.15,19-05-2008,34,17,51
20-05-2008,20,32.2,39.8,27,44,50.14,122.25,20-05-2008,37,14,51
21-05-2008,21,30.6,38.2,26,48,48.02,118.44,21-05-2008,25,13,38
22-05-2008,22,30.2,36.5,25,55,46.97,116.54,22-05-2008,38,21,59
23-05-2008,23,30.8,39.3,23,53,54.59,130.26,23-05-2008,24,14,38
24-05-2008,24,29.3,39.3,19.6,54,55.30,131.54,24-05-2008,30,10,40
25-05-2008,25,32.2,40.7,25.6,37,48.27,118.89,25-05-2008,33,15,48
26-05-2008,26,32.3,40.7,27,47,54.85,130.72,26-05-2008,35,17,52
27-05-2008,27,33.6,41.8,27,35,49.76,121.57,27-05-2008,27,12,39
28-05-2008,28,30.4,41.8,25,40,53.10,127.59,28-05-2008,25,16,41
29-05-2008,29,29.9,40.2,23.2,40,48.78,119.80,29-05-2008,29,12,41
30-05-2008,30,33.1,40.5,25.4,33,45.60,114.09,30-05-2008,29,25,54
31-05-2008,31,28.4,41.9,22,52,63.06,145.51,31-05-2008,25,21,46
01-06-2008,1,30.6,41.9,22.3,43,55.60,132.08,01-06-2008,28,18,46
02-06-2008,2,32.3,37.6,26.1,42,43.41,110.15,02-06-2008,28,23,51
03-06-2008,3,32.1,39,25.4,47,49.71,121.48,03-06-2008,27,14,41
04-06-2008,4,30.8,39.8,26,56,58.59,137.46,04-06-2008,23,14,37
05-06-2008,5,32.4,40,25,47,52.67,126.81,05-06-2008,35,18,53
06-06-2008,6,33.7,39.9,27.9,46,51.71,125.07,06-06-2008,17,20,37
07-06-2008,7,31.8,40.6,27,52,58.32,136.97,07-06-2008,34,19,53
08-06-2008,8,31.6,40.6,25.6,58,63.33,145.99,08-06-2008,17,13,30
09-06-2008,9,30.4,37.8,27,65,57.79,136.03,09-06-2008,23,14,37
10-06-2008,10,31.7,37.8,26,57,52.25,126.05,10-06-2008,30,16,46
11-06-2008,11,30.1,38.4,27,65,60.22,140.39,11-06-2008,29,15,44
12-06-2008,12,28.9,38.2,26.6,77,69.54,157.17,12-06-2008,27,17,44
13-06-2008,13,27.5,33.7,24,88,55.68,132.23,13-06-2008,22,13,35
14-06-2008,14,31,36.6,26.8,67,54.51,130.11,14-06-2008,26,21,47
15-06-2008,15,29.8,36.8,26,70,57.38,135.28,15-06-2008,24,9,33
16-06-2008,16,28.3,36.8,25,83,67.60,153.68,16-06-2008,34,17,51
17-06-2008,17,25.7,33.3,24,96,58.73,137.72,17-06-2008,26,15,41
18-06-2008,18,29.5,37,22.8,76,62.80,145.04,18-06-2008,38,14,52
19-06-2008,19,27.1,35.4,21.2,90,65.85,150.52,19-06-2008,24,18,42
20-06-2008,20,27.8,35.6,23.8,83,61.49,142.67,20-06-2008,32,16,48
21-06-2008,21,28.8,35.6,23.4,79,58.58,137.44,21-06-2008,38,20,58
22-06-2008,22,31.6,36,26,63,49.84,121.71,22-06-2008,24,13,37
23-06-2008,23,32,37.3,27.2,58,51.21,124.18,23-06-2008,35,23,58
24-06-2008,24,32.6,37.4,23.5,56,50.31,122.56,24-06-2008,39,23,62
25-06-2008,25,31.3,37.4,28,62,54.15,129.47,25-06-2008,36,13,49
26-06-2008,26,31.3,38.2,27,65,59.40,138.92,26-06-2008,31,25,56
27-06-2008,27,30.8,38.2,26,68,61.77,143.19,27-06-2008,30,15,45
28-06-2008,28,28,36.8,24.7,85,69.33,156.80,28-06-2008,32,15,47
29-06-2008,29,27.1,36.2,24,84,65.30,149.53,29-06-2008,36,16,52
30-06-2008,30,29.7,36.2,22.6,74,57.70,135.85,30-06-2008,34,21,55
01-03-2009,1,24.4,33.4,14.1,27,32.07,89.73,01-03-2009,44,16,60
02-03-2009,2,28.2,34.2,20,25,32.76,90.97,02-03-2009,35,21,56
03-03-2009,3,27.5,37.7,18,22,36.71,98.08,03-03-2009,41,18,59
04-03-2009,4,26.8,37.7,22,26,37.73,99.91,04-03-2009,46,26,72
05-03-2009,5,25.1,34.6,19,26,33.40,92.12,05-03-2009,35,16,51
06-03-2009,6,24.3,33.8,15,26,32.42,90.35,06-03-2009,35,21,56
07-03-2009,7,24.8,33.8,18,26,32.42,90.35,07-03-2009,42,16,58
08-03-2009,8,24.4,31.7,15.7,26,30.10,86.18,08-03-2009,32,26,58
09-03-2009,9,24.7,31.7,20,25,30.02,86.03,09-03-2009,32,17,49
10-03-2009,10,24.6,32.4,18,27,30.93,87.68,10-03-2009,40,19,59
11-03-2009,11,23,32.4,15,21,30.42,86.75,11-03-2009,38,22,60
12-03-2009,12,22,32.1,13.8,22,30.19,86.35,12-03-2009,47,21,68
13-03-2009,13,25.6,34.6,14.6,16,32.25,90.05,13-03-2009,45,18,63
14-03-2009,14,26.3,34.7,19,23,33.08,91.54,14-03-2009,37,21,58
15-03-2009,15,26.7,35.8,20.4,24,34.60,94.27,15-03-2009,40,22,62
16-03-2009,16,26.4,35.9,20,22,34.38,93.88,16-03-2009,40,23,63
17-03-2009,17,27.1,36.3,18.6,22,34.88,94.78,17-03-2009,29,17,46
18-03-2009,18,27.1,35.2,19.9,22,33.53,92.36,18-03-2009,36,27,63
19-03-2009,19,27.7,36,19,23,34.68,94.42,19-03-2009,29,11,40
20-03-2009,20,22.7,36,18,50,43.14,109.65,20-03-2009,39,12,51
21-03-2009,21,23.7,32.6,16.9,42,33.58,92.44,21-03-2009,31,19,50
22-03-2009,22,24.9,32.6,18.2,40,33.16,91.69,22-03-2009,42,21,63
23-03-2009,23,26.2,32.5,18,33,31.81,89.26,23-03-2009,37,12,49
24-03-2009,24,26.8,35.6,22.8,31,35.79,96.42,24-03-2009,34,16,50
25-03-2009,25,25.7,35.6,19,31,35.79,96.42,25-03-2009,35,19,54
26-03-2009,26,25.5,33.9,17.4,32,33.51,92.32,26-03-2009,37,9,46
27-03-2009,27,25.5,33.9,21,37,34.54,94.17,27-03-2009,29,14,43
28-03-2009,28,25.3,32.7,20,45,34.42,93.95,28-03-2009,33,19,52
29-03-2009,29,26.6,34.9,20,46,38.97,102.14,29-03-2009,29,18,47
30-03-2009,30,26.2,34.9,21,38,36.46,97.63,30-03-2009,28,19,47
31-03-2009,31,26.9,34.6,19.2,33,34.73,94.51,31-03-2009,37,22,59
01-04-2009,1,28.8,35.5,21,29,35.18,95.33,01-04-2009,33,24,57
02-04-2009,2,30.1,37.8,22,24,37.34,99.21,02-04-2009,45,24,69
03-04-2009,3,30.3,37.8,24.2,22,36.85,98.33,03-04-2009,39,20,59
04-04-2009,4,29.4,37.4,21,23,36.53,97.76,04-04-2009,31,20,51
05-04-2009,5,28.7,36,20,25,35.05,95.09,05-04-2009,39,16,55
06-04-2009,6,28.4,36.6,23,25,35.87,96.57,06-04-2009,34,25,59
07-04-2009,7,27.3,36.7,21,34,38.46,101.23,07-04-2009,33,23,56
08-04-2009,8,25.9,36.2,19,38,38.85,101.93,08-04-2009,36,20,56
09-04-2009,9,24.7,31.3,19,35,30.61,87.09,09-04-2009,37,20,57
10-04-2009,10,25.3,32.4,17.9,28,31.04,87.87,10-04-2009,29,19,48
11-04-2009,11,28.1,35.2,18.1,26,34.17,93.51,11-04-2009,35,24,59
12-04-2009,12,29.8,38,20.9,20,36.66,97.99,12-04-2009,40,16,56
13-04-2009,13,32.5,39.5,21.9,17,37.88,100.19,13-04-2009,40,20,60
14-04-2009,14,32.1,40.3,24.1,17,38.90,102.02,14-04-2009,34,27,61
15-04-2009,15,32.4,40.3,26.1,18,39.19,102.54,15-04-2009,41,22,63
16-04-2009,16,30.5,38.8,26.2,23,38.53,101.36,16-04-2009,34,12,46
17-04-2009,17,29.4,37.8,23,17,35.82,96.48,17-04-2009,39,23,62
18-04-2009,18,31.2,38.6,21,15,36.39,97.50,18-04-2009,30,19,49
19-04-2009,19,34,41.7,24.9,15,40.09,104.16,19-04-2009,38,16,54
20-04-2009,20,34.8,42.8,25.4,14,41.13,106.03,20-04-2009,52,20,72
21-04-2009,21,32.9,42.8,27,13,40.77,105.39,21-04-2009,34,30,64
22-04-2009,22,31.2,40.4,23,9,36.55,97.79,22-04-2009,45,27,72
23-04-2009,23,31.1,38.1,21.6,13,35.53,95.95,23-04-2009,35,25,60
24-04-2009,24,31.9,39,23.8,11,35.78,96.41,24-04-2009,37,17,54
25-04-2009,25,31.4,39,24,11,35.78,96.41,25-04-2009,22,21,43
26-04-2009,26,31.8,39.5,22,12,36.65,97.97,26-04-2009,45,22,67
27-04-2009,27,34.4,42.2,24.1,10,38.82,101.88,27-04-2009,51,22,73
01-05-2009,1,35.2,44,28.7,16,43.54,110.37,01-05-2009,35,28,63
02-05-2009,2,34.3,43,27.4,19,43.44,110.20,02-05-2009,45,20,65
03-05-2009,3,33.6,41.8,28,21,42.44,108.39,03-05-2009,47,21,68
04-05-2009,4,33.6,41.8,27.3,21,42.44,108.39,04-05-2009,37,27,64
05-05-2009,5,31.8,40.7,26,28,43.58,110.44,05-05-2009,38,21,59
06-05-2009,6,32.3,40.6,25.2,21,40.58,105.05,06-05-2009,38,24,62
07-05-2009,7,32.4,39.4,24.9,21,38.82,101.88,07-05-2009,42,19,61
08-05-2009,8,34.4,41.3,25.5,17,40.22,104.39,08-05-2009,39,18,57
09-05-2009,9,34.9,42.6,29.3,17,42.00,107.60,09-05-2009,54,23,77
10-05-2009,10,34.3,43,26,27,47.60,117.69,10-05-2009,39,21,60
11-05-2009,11,32.2,43,25.3,40,56.58,133.85,11-05-2009,32,28,60
12-05-2009,12,32.7,40.3,26.9,28,42.83,109.09,12-05-2009,36,19,55
13-05-2009,13,34.2,41.8,27,23,43.30,109.94,13-05-2009,31,23,54
14-05-2009,14,36.9,44.9,28,20,47.06,116.71,14-05-2009,41,26,67
15-05-2009,15,35.8,44.9,30,27,51.66,124.98,15-05-2009,48,25,73
16-05-2009,16,36.3,44.9,29.4,31,54.67,130.41,16-05-2009,41,16,57
17-05-2009,17,36.2,44.9,30,31,54.67,130.41,17-05-2009,54,22,76
18-05-2009,18,35.5,45,31,29,53.37,128.06,18-05-2009,45,30,75
19-05-2009,19,36.8,45,29,24,49.78,121.60,19-05-2009,37,25,62
20-05-2009,20,34.9,44.8,28,28,52.15,125.88,20-05-2009,47,30,77
21-05-2009,21,37.9,44.8,30.7,19,46.31,115.36,21-05-2009,54,27,81
22-05-2009,22,36.7,45,30,20,47.23,117.02,22-05-2009,53,38,91
23-05-2009,23,33.3,45,27,33,56.56,133.80,23-05-2009,61,34,95
24-05-2009,24,32.7,43.2,26.8,30,49.88,121.79,24-05-2009,49,24,73
25-05-2009,25,33.3,42,26,29,46.67,116.01,25-05-2009,37,21,58
26-05-2009,26,35.3,42.3,29,22,43.69,110.64,26-05-2009,36,19,55
27-05-2009,27,34.2,43.4,28,35,53.86,128.94,27-05-2009,36,26,62
28-05-2009,28,34.4,44.2,25.6,34,55.22,131.40,28-05-2009,33,21,54
29-05-2009,29,30.6,44.2,23,44,63.98,147.16,29-05-2009,32,18,50
30-05-2009,30,29.9,41.2,21.6,49,58.01,136.42,30-05-2009,42,17,59
31-05-2009,31,31.2,36.4,25.8,42,40.71,105.29,31-05-2009,36,12,48
01-06-2009,1,30.8,39.2,22,49,51.56,124.81,01-06-2009,27,11,38
02-06-2009,2,33.3,39.1,28,44,48.22,118.79,02-06-2009,34,22,56
03-06-2009,3,34.8,40.3,30.8,42,50.27,122.49,03-06-2009,33,13,46
04-06-2009,4,35.8,42,31.4,36,50.91,123.64,04-06-2009,41,23,64
05-06-2009,5,35,41.2,30,30,45.54,113.98,05-06-2009,28,25,53
06-06-2009,6,35,41.8,30,26,44.71,112.48,06-06-2009,38,15,53
07-06-2009,7,34.8,41.8,29.2,14,39.90,103.82,07-06-2009,29,26,55
08-06-2009,8,35.3,42.7,28.5,17,42.14,107.86,08-06-2009,24,31,55
09-06-2009,9,35.3,42.7,29.9,26,46.44,115.58,09-06-2009,53,23,76
10-06-2009,10,34.6,43,29.7,29,48.81,119.85,10-06-2009,37,17,54
11-06-2009,11,33,43,28.2,32,50.73,123.32,11-06-2009,36,16,52
12-06-2009,12,34.2,42,29,28,46.13,115.03,12-06-2009,35,24,59
13-06-2009,13,34.3,42.4,28.8,26,45.85,114.53,13-06-2009,33,16,49
14-06-2009,14,33.1,42.4,27,28,46.94,116.50,14-06-2009,37,24,61
15-06-2009,15,29.7,40.7,22.2,42,51.38,124.48,15-06-2009,31,21,52
16-06-2009,16,29,39,23,53,53.59,128.46,16-06-2009,33,21,54
17-06-2009,17,32.2,37,23,31,38.05,100.49,17-06-2009,30,21,51
18-06-2009,18,33.6,39.3,28,30,41.80,107.23,18-06-2009,30,17,47
19-06-2009,19,34.6,41.8,29.7,27,45.21,113.38,19-06-2009,43,21,64
20-06-2009,20,34.8,42.6,29.7,26,46.24,115.23,20-06-2009,34,29,63
21-06-2009,21,36.4,43,29.8,23,45.39,113.71,21-06-2009,25,28,53
22-06-2009,22,34.5,43,29.3,30,49.43,120.98,22-06-2009,44,20,64
23-06-2009,23,33.5,41.3,30,40,51.71,125.09,23-06-2009,31,11,42
24-06-2009,24,32.3,42,26,47,59.10,138.38,24-06-2009,33,22,55
25-06-2009,25,33.3,42,25.1,47,59.10,138.38,25-06-2009,35,18,53
26-06-2009,26,33.6,41.3,28.6,47,56.77,134.19,26-06-2009,55,27,82
27-06-2009,27,34.1,41.8,27,47,58.43,137.17,27-06-2009,34,21,55
28-06-2009,28,32.4,41.7,25.1,60,69.85,157.73,28-06-2009,41,22,63
29-06-2009,29,31.6,38,25.7,65,58.59,137.47,29-06-2009,35,16,51
30-06-2009,30,32,38.8,26,58,56.44,133.59,30-06-2009,38,18,56
01-03-2010,1,26.3,34.5,17.1,20,32.50,90.49,01-03-2010,27,21,48
02-03-2010,2,27.1,34.6,20.4,27,33.56,92.41,02-03-2010,31,21,52
03-03-2010,3,25.7,33.7,19.7,33,33.42,92.15,03-03-2010,32,19,51
04-03-2010,4,27.5,33.2,21.6,29,32.10,89.79,04-03-2010,34,27,61
05-03-2010,5,25.3,33.2,20,33,32.73,90.91,05-03-2010,43,22,65
06-03-2010,6,23.8,31.4,18.5,38,31.14,88.05,06-03-2010,33,26,59
07-03-2010,7,23.8,29.7,17,37,29.05,84.28,07-03-2010,28,26,54
08-03-2010,8,22.9,29.7,15,35,28.86,83.96,08-03-2010,40,24,64
09-03-2010,9,23.6,30.7,14.8,33,29.71,85.47,09-03-2010,41,20,61
10-03-2010,10,23.7,31.3,14.9,29,29.95,85.91,10-03-2010,37,21,58
11-03-2010,11,25.6,32.7,16.4,24,30.96,87.72,11-03-2010,34,25,59
12-03-2010,12,25.9,34.4,17.7,25,33.00,91.40,12-03-2010,36,20,56
13-03-2010,13,27.3,35.2,17.8,22,33.53,92.36,13-03-2010,54,11,65
14-03-2010,14,27.9,36.1,18.1,23,34.80,94.65,14-03-2010,30,15,45
15-03-2010,15,28.2,36.1,18.8,27,35.61,96.09,15-03-2010,34,20,54
16-03-2010,16,28.8,36.4,21.2,32,37.34,99.20,16-03-2010,34,23,57
17-03-2010,17,29.1,37.4,23,31,38.73,101.72,17-03-2010,30,27,57
18-03-2010,18,28.4,38,22,34,40.89,105.61,18-03-2010,47,22,69
19-03-2010,19,30,37.4,20.8,28,37.82,100.08,19-03-2010,34,19,53
20-03-2010,20,30.2,38.7,20.3,23,38.38,101.09,20-03-2010,55,17,72
21-03-2010,21,30.6,39.7,21,18,38.39,101.11,21-03-2010,50,22,72
22-03-2010,22,30.2,39.7,23.2,13,37.23,99.02,22-03-2010,45,15,60
23-03-2010,23,31.6,39.7,22.8,14,37.44,99.39,23-03-2010,38,18,56
24-03-2010,24,31,39.7,23.2,17,38.14,100.64,24-03-2010,41,23,64
25-03-2010,25,30.4,38.4,23.3,19,36.96,98.52,25-03-2010,32,20,52
26-03-2010,26,31.1,38.4,23.8,19,36.96,98.52,26-03-2010,27,29,56
27-03-2010,27,31.3,38.5,24.6,19,37.08,98.75,27-03-2010,27,19,46
28-03-2010,28,30.9,38.9,23.2,16,36.93,98.47,28-03-2010,39,19,58
29-03-2010,29,31.8,38.8,23,14,36.43,97.58,29-03-2010,54,24,78
30-03-2010,30,31.7,39,22,19,37.73,99.92,30-03-2010,31,13,44
31-03-2010,31,31.3,39,24.6,19,37.73,99.92,31-03-2010,38,31,69
01-04-2010,1,30.3,39,23.5,17,37.26,99.07,01-04-2010,51,21,72
02-04-2010,2,29.8,37.2,22.9,24,36.48,97.67,02-04-2010,39,21,60
03-04-2010,3,31.1,37.8,23.2,19,36.20,97.16,03-04-2010,34,28,62
04-04-2010,4,32.3,39.2,23.5,18,37.75,99.95,04-04-2010,36,22,58
05-04-2010,5,32.5,39.4,25,16,37.53,99.55,05-04-2010,43,21,64
06-04-2010,6,31.3,39.4,24.5,14,37.10,98.78,06-04-2010,33,19,52
07-04-2010,7,30.6,39,16.1,14,36.65,97.98,07-04-2010,35,16,51
08-04-2010,8,32.8,40.2,22,14,38.01,100.42,08-04-2010,44,15,59
09-04-2010,9,32.3,40.6,26.8,13,38.23,100.81,09-04-2010,38,25,63
10-04-2010,10,32.9,40.6,26.8,13,38.23,100.81,10-04-2010,30,25,55
11-04-2010,11,32.9,40.7,27.4,20,40.38,104.69,11-04-2010,37,22,59
12-04-2010,12,33.9,40.7,28,21,40.73,105.32,12-04-2010,40,22,62
13-04-2010,13,33.5,40.6,26,15,38.73,101.72,13-04-2010,46,15,61
14-04-2010,14,33.2,41.1,24.6,15,39.34,102.82,14-04-2010,38,22,60
20-04-2010,20,34.9,42,30,21,42.76,108.96,20-04-2010,46,30,76
21-04-2010,21,33.1,41.5,28,21,41.97,107.54,21-04-2010,36,29,65
22-04-2010,22,33.3,39.7,26.8,17,38.14,100.64,22-04-2010,44,27,71
23-04-2010,23,31.8,39.7,25,17,38.14,100.64,23-04-2010,33,31,64
24-04-2010,24,32.9,39.9,25,15,37.89,100.21,24-04-2010,39,24,63
25-04-2010,25,32.8,41.2,24.8,19,40.76,105.37,25-04-2010,33,18,51
28-04-2010,28,33.9,43.4,28,23,46.11,115.01,28-04-2010,28,21,49
29-04-2010,29,33.4,41.8,27,25,44.22,111.60,29-04-2010,37,29,66
30-04-2010,30,32.5,41.8,25.8,28,45.73,114.31,30-04-2010,33,24,57
01-05-2010,1,33.1,39.9,25.8,24,40.55,105.00,01-05-2010,39,28,67
02-05-2010,2,32,39.9,26.8,28,42.09,107.76,02-05-2010,38,15,53
03-05-2010,3,34.1,42.6,25.4,23,44.68,112.43,03-05-2010,38,20,58
04-05-2010,4,36.1,43,27.6,17,42.57,108.62,04-05-2010,41,28,69
05-05-2010,5,35.3,43,30,16,42.15,107.88,05-05-2010,35,15,50
06-05-2010,6,34.3,40.8,29.4,27,43.31,109.97,06-05-2010,37,17,54
07-05-2010,7,32.2,41,26,36,48.42,119.15,07-05-2010,35,24,59
08-05-2010,8,32.5,41,25.4,34,47.26,117.07,08-05-2010,45,21,66
09-05-2010,9,33.8,40.1,26.6,25,41.25,106.25,09-05-2010,35,30,65
10-05-2010,10,34.2,41.2,27.8,16,39.77,103.58,10-05-2010,40,19,59
11-05-2010,11,35.1,41.4,27.4,15,39.71,103.49,11-05-2010,28,11,39
12-05-2010,12,35.7,42.8,28.4,14,41.13,106.03,12-05-2010,35,12,47
13-05-2010,13,36.9,43.6,28.6,12,41.28,106.30,13-05-2010,49,19,68
14-05-2010,14,37.1,43.6,32.4,14,42.13,107.84,14-05-2010,48,27,75
15-05-2010,15,37,43.2,30,16,42.43,108.37,15-05-2010,48,34,82
16-05-2010,16,37.4,43.9,29.8,17,43.87,110.96,16-05-2010,46,21,67
17-05-2010,17,38.3,44.8,31,15,44.18,111.52,17-05-2010,62,26,88
18-05-2010,18,37.1,44.8,31,15,44.18,111.52,18-05-2010,48,28,76
19-05-2010,19,36.6,43.4,29.6,17,43.14,109.65,19-05-2010,48,33,81
20-05-2010,20,36.7,43.7,30,14,42.26,108.07,20-05-2010,57,35,92
21-05-2010,21,36.3,43.7,27.8,14,42.26,108.07,21-05-2010,49,38,87
22-05-2010,22,37.2,44.9,28.2,12,42.88,109.19,22-05-2010,48,28,76
23-05-2010,23,39.1,45.7,29.4,14,44.89,112.80,23-05-2010,55,34,89
24-05-2010,24,39.4,45.7,34.4,20,48.45,119.22,24-05-2010,68,51,119
25-05-2010,25,38.8,45.6,33.6,26,52.47,126.44,25-05-2010,77,65,142
26-05-2010,26,38.1,44.9,31.4,28,52.38,126.29,26-05-2010,69,52,121
27-05-2010,27,37.4,44.9,31.7,30,53.89,129.01,27-05-2010,62,50,112
28-05-2010,28,37.2,43,32.4,26,47.03,116.65,28-05-2010,69,39,108
29-05-2010,29,36.7,43.4,31.6,21,45.06,113.10,29-05-2010,57,37,94
30-05-2010,30,36.1,43.4,31,19,44.07,111.32,30-05-2010,53,36,89
31-05-2010,31,36.1,42.6,28.9,19,42.83,109.10,31-05-2010,50,51,101
01-06-2010,1,36.8,42.6,30.9,18,42.41,108.34,01-06-2010,49,36,85
02-06-2010,2,35.7,42.4,30.8,30,48.10,118.58,02-06-2010,47,25,72
03-06-2010,3,29.8,41.7,23,60,69.85,157.73,03-06-2010,43,25,68
04-06-2010,4,33.3,40.2,21.9,43,50.63,123.13,04-06-2010,36,22,58
05-06-2010,5,32,39,23,46,49.11,120.40,05-06-2010,37,22,59
06-06-2010,6,31.1,38.2,25.8,46,46.92,116.45,06-06-2010,48,23,71
07-06-2010,7,26.8,36.4,20,64,51.83,125.30,07-06-2010,39,23,62
08-06-2010,8,25.5,32.6,19.1,67,41.03,105.86,08-06-2010,33,20,53
09-06-2010,9,31.4,36.9,22.2,41,41.40,106.52,09-06-2010,30,30,60
10-06-2010,10,34.4,39.8,28,27,41.51,106.72,10-06-2010,37,16,53
11-06-2010,11,35.8,41.8,28,22,42.86,109.15,11-06-2010,32,22,54
12-06-2010,12,37.4,43,30,19,43.44,110.20,12-06-2010,43,28,71
13-06-2010,13,36.7,43,30.4,21,44.39,111.90,13-06-2010,37,17,54
14-06-2010,14,34.6,48,30,33,65.14,149.25,14-06-2010,42,14,56
15-06-2010,15,33.3,42.6,29.5,39,54.64,130.36,15-06-2010,49,25,74
16-06-2010,16,31.1,39.3,23,47,50.58,123.05,16-06-2010,30,16,46
17-06-2010,17,34.2,40.2,28,33,44.96,112.92,17-06-2010,33,12,45
18-06-2010,18,36.9,42.5,30.6,23,44.51,112.12,18-06-2010,40,15,55
19-06-2010,19,37.2,43.8,30.6,21,45.74,114.33,19-06-2010,44,18,62
20-06-2010,20,39.4,45.8,29.6,16,46.15,115.07,20-06-2010,46,25,71
21-06-2010,21,39.1,45.8,33.6,22,49.98,121.97,21-06-2010,47,28,75
22-06-2010,22,37.3,45,32.7,24,49.78,121.60,22-06-2010,55,20,75
23-06-2010,23,36.8,43.6,31.8,32,52.19,125.93,23-06-2010,44,29,73
24-06-2010,24,35.8,42,31.5,36,50.91,123.64,24-06-2010,42,20,62
25-06-2010,25,33,41.3,29,45,55.25,131.46,25-06-2010,37,31,68
26-06-2010,26,35.9,41.3,28.3,37,49.77,121.59,26-06-2010,28,16,44
27-06-2010,27,37.3,42.7,31.2,33,50.67,123.21,27-06-2010,46,27,73
28-06-2010,28,35.3,42.8,25,39,55.22,131.39,28-06-2010,53,27,80
29-06-2010,29,36.9,42.8,30,36,52.99,127.39,29-06-2010,44,28,72
30-06-2010,30,36.6,42.3,32,33,49.71,121.48,30-06-2010,46,27,73
01-03-2011,1,18.4,25.3,14,49,25.00,77.00,01-03-2011,48,21,69
02-03-2011,2,20.7,27.3,13.3,55,28.07,82.53,02-03-2011,30,18,48
03-03-2011,3,21.7,27.8,16.2,55,28.67,83.60,03-03-2011,26,27,53
04-03-2011,4,20.2,27.8,15,57,28.86,83.95,04-03-2011,46,26,72
05-03-2011,5,21.3,27.7,14,53,28.37,83.07,05-03-2011,55,21,76
06-03-2011,6,22.3,29.3,16,41,29.01,84.23,06-03-2011,30,25,55
07-03-2011,7,22.4,29.8,15.6,38,29.25,84.65,07-03-2011,44,19,63
08-03-2011,8,22.4,29.8,17,45,30.06,86.11,08-03-2011,45,24,69
09-03-2011,9,21,29.8,16,42,29.69,85.44,09-03-2011,41,22,63
10-03-2011,10,20.6,27.8,14.3,38,27.37,81.26,10-03-2011,38,23,61
11-03-2011,11,21.2,27.8,13.6,38,27.37,81.26,11-03-2011,32,25,57
12-03-2011,12,23.1,30.4,12.6,31,29.21,84.59,12-03-2011,49,23,72
13-03-2011,13,24.6,32.8,17,27,31.38,88.48,13-03-2011,54,25,79
14-03-2011,14,24.8,33.4,15.2,32,32.83,91.09,14-03-2011,43,21,64
15-03-2011,15,24.7,33.4,18.3,40,34.42,93.96,15-03-2011,37,23,60
16-03-2011,16,25.6,34.4,17.8,38,35.60,96.08,16-03-2011,23,22,45
17-03-2011,17,27.8,36.4,18.2,29,36.53,97.75,17-03-2011,53,28,81
18-03-2011,18,28.7,36.6,19.4,25,35.87,96.57,18-03-2011,37,27,64
19-03-2011,19,27.6,36.6,22.4,23,35.45,95.82,19-03-2011,34,11,45
20-03-2011,20,27,34.6,20,19,32.50,90.50,20-03-2011,43,27,70
21-03-2011,21,25.4,34,16.2,24,32.39,90.31,21-03-2011,68,10,78
22-03-2011,22,26.7,34.5,16,27,33.43,92.18,22-03-2011,33,13,46
23-03-2011,23,27.2,34.5,19,26,33.27,91.89,23-03-2011,38,27,65
24-03-2011,24,25.9,34.3,19,30,33.69,92.64,24-03-2011,31,28,59
25-03-2011,25,25.9,33.6,17.5,27,32.31,90.16,25-03-2011,41,16,57
26-03-2011,26,28.3,36.6,18,21,35.08,95.14,26-03-2011,35,24,59
27-03-2011,27,29.5,37.4,20,18,35.53,95.95,27-03-2011,42,18,60
28-03-2011,28,30.6,38,23.4,17,36.06,96.91,28-03-2011,41,27,68
29-03-2011,29,30.4,38,23.6,28,38.79,101.83,29-03-2011,28,22,50
30-03-2011,30,27.6,36.7,22,38,39.83,103.69,30-03-2011,27,19,46
31-03-2011,31,27.6,34.8,21,26,33.65,92.58,31-03-2011,43,14,57
01-04-2011,1,28.3,34.8,19.5,25,33.49,92.29,01-04-2011,50,27,77
02-04-2011,2,27.5,34.8,20,23,33.20,91.76,02-04-2011,40,22,62
03-04-2011,3,25.9,34.4,17.7,28,33.47,92.25,03-04-2011,37,22,59
04-04-2011,4,25.1,33,19,20,30.94,87.69,04-04-2011,40,15,55
05-04-2011,5,27.3,34.9,17.5,15,32.48,90.46,05-04-2011,44,12,56
06-04-2011,6,27.5,35.6,17.8,16,33.26,91.88,06-04-2011,32,21,53
07-04-2011,7,27.9,35.6,22,20,33.72,92.70,07-04-2011,30,13,43
08-04-2011,8,28.5,35.5,20.7,25,34.39,93.90,08-04-2011,30,19,49
09-04-2011,9,28.7,35.7,20.6,25,34.65,94.37,09-04-2011,37,27,64
10-04-2011,10,29.1,35.7,24,27,35.04,95.08,10-04-2011,28,21,49
11-04-2011,11,29.3,35.4,22.2,31,35.48,95.87,11-04-2011,38,23,61
12-04-2011,12,30.3,36.5,23,31,37.22,98.99,12-04-2011,47,20,67
13-04-2011,13,29,36.5,23.4,29,36.68,98.03,13-04-2011,44,31,75
14-04-2011,14,29.7,35.9,23.5,24,34.73,94.51,14-04-2011,35,22,57
15-04-2011,15,29,36,21.3,27,35.46,95.84,15-04-2011,39,16,55
16-04-2011,16,30.6,37.7,22.2,29,38.61,101.50,16-04-2011,42,17,59
17-04-2011,17,28.8,37.7,22,44,44.60,112.28,17-04-2011,31,24,55
18-04-2011,18,28.7,37.6,21,26,37.57,99.63,18-04-2011,34,22,56
19-04-2011,19,28.6,36.2,20.6,24,35.12,95.22,19-04-2011,46,25,71
20-04-2011,20,29.4,36.2,22,18,34.14,93.45,20-04-2011,38,14,52
21-04-2011,21,29.5,36.6,21.8,19,34.74,94.54,21-04-2011,52,23,75
22-04-2011,22,30.2,37.5,21.5,17,35.47,95.85,22-04-2011,29,25,54
23-04-2011,23,31.6,38.1,22.6,17,36.18,97.12,23-04-2011,32,18,50
24-04-2011,24,31.7,38.8,22.2,18,37.24,99.03,24-04-2011,36,24,60
25-04-2011,25,32.4,40.2,22.4,19,39.35,102.83,25-04-2011,54,35,89
26-04-2011,26,32.2,40.8,24.6,24,42.04,107.66,26-04-2011,33,18,51
27-04-2011,27,32,39.4,25,27,40.81,105.46,27-04-2011,46,32,78
28-04-2011,28,34.2,40.9,24.2,18,40.00,104.00,28-04-2011,40,23,63
30-04-2011,30,34.1,40.9,26,20,40.68,105.22,30-04-2011,27,28,55
01-05-2011,1,33.8,40.4,27.6,20,39.95,103.91,01-05-2011,49,22,71
02-05-2011,2,33.3,39.6,26.7,29,41.95,107.51,02-05-2011,36,11,47
03-05-2011,3,33.8,40.7,27.6,27,43.13,109.63,03-05-2011,35,20,55
04-05-2011,4,33.5,40.2,28.2,26,41.81,107.26,04-05-2011,39,26,65
05-05-2011,5,33.2,40.2,26.8,27,42.22,108.00,05-05-2011,35,22,57
06-05-2011,6,32.7,39.9,27,26,41.29,106.33,06-05-2011,40,19,59
07-05-2011,7,32.7,39.9,25.4,25,40.92,105.65,07-05-2011,35,25,60
08-05-2011,8,34.4,41.1,24.6,19,40.62,105.11,08-05-2011,30,23,53
09-05-2011,9,35.4,42,28.7,15,40.47,104.84,09-05-2011,36,20,56
10-05-2011,10,35.4,42,27.9,19,41.93,107.48,10-05-2011,41,32,73
11-05-2011,11,35.4,42.2,28.2,26,45.47,113.84,11-05-2011,35,29,64
12-05-2011,12,35.7,42.7,28.9,26,46.44,115.58,12-05-2011,47,28,75
13-05-2011,13,34.2,42.7,28.2,30,48.76,119.77,13-05-2011,41,25,66
14-05-2011,14,34.2,41.7,26.7,24,43.58,110.44,14-05-2011,53,17,70
15-05-2011,15,35.4,42.6,25,18,42.41,108.34,15-05-2011,39,26,65
16-05-2011,16,36.8,43.4,30.4,17,43.14,109.65,16-05-2011,45,21,66
17-05-2011,17,36.2,43.4,31,22,45.58,114.04,17-05-2011,41,32,73
18-05-2011,18,37.8,44,30,20,45.54,113.97,18-05-2011,49,31,80
19-05-2011,19,35.9,43.9,28.2,24,47.62,117.71,19-05-2011,39,31,70
20-05-2011,20,36.6,44.2,29.6,26,49.47,121.04,20-05-2011,53,28,81
21-05-2011,21,35,44.2,25,36,56.84,134.30,21-05-2011,45,27,72
22-05-2011,22,27,41.6,23,56,65.55,149.99,22-05-2011,31,24,55
23-05-2011,23,32.4,38.9,23.9,47,49.42,120.96,23-05-2011,44,25,69
24-05-2011,24,35.3,41.1,28.8,33,46.93,116.48,24-05-2011,35,21,56
25-05-2011,25,35.4,42.3,29,29,47.30,117.14,25-05-2011,32,25,57
26-05-2011,26,32.7,42.3,27,34,50.35,122.63,26-05-2011,36,29,65
27-05-2011,27,31.9,41.6,26.5,36,49.90,121.81,27-05-2011,43,27,70
28-05-2011,28,32.9,39.7,26.8,32,43.44,110.19,28-05-2011,27,19,46
29-05-2011,29,34.8,41.9,28,28,45.93,114.67,29-05-2011,41,28,69
30-05-2011,30,35.1,42.1,27.4,25,44.77,112.59,30-05-2011,42,19,61
31-05-2011,31,36.2,42.1,29.8,27,45.80,114.43,31-05-2011,41,20,61
01-06-2011,1,34.2,41.9,29.2,32,48.17,118.70,01-06-2011,44,18,62
02-06-2011,2,32.7,40.9,29,37,48.77,119.78,02-06-2011,47,20,67
03-06-2011,3,34.7,39.9,27.4,29,42.51,108.52,03-06-2011,41,19,60
04-06-2011,4,35.7,42.2,28.4,22,43.52,110.34,04-06-2011,33,25,58
05-06-2011,5,37,43.8,30.2,20,45.21,113.37,05-06-2011,30,22,52
06-06-2011,6,37.3,45.4,31.4,20,47.93,118.27,06-06-2011,42,17,59
07-06-2011,7,38.2,46,31,20,48.99,120.18,07-06-2011,45,29,74
08-06-2011,8,36.2,46,28,27,54.15,129.47,08-06-2011,48,28,76
09-06-2011,9,32.9,41,28,45,54.33,129.79,09-06-2011,43,23,66
10-06-2011,10,32.8,38,28,48,47.47,117.44,10-06-2011,36,17,53
11-06-2011,11,36.8,42,32,27,45.60,114.08,11-06-2011,28,26,54
12-06-2011,12,36.7,42,30,31,47.81,118.05,12-06-2011,45,23,68
13-06-2011,13,33.7,40,30,39,47.69,117.84,13-06-2011,46,13,59
14-06-2011,14,32.9,41.7,26,47,58.09,136.56,14-06-2011,45,20,65
15-06-2011,15,32.3,41.4,24.6,51,60.35,140.63,15-06-2011,40,27,67
16-06-2011,16,33.8,38.5,30,43,46.10,114.98,16-06-2011,33,23,56
17-06-2011,17,33.2,39.4,29,45,49.63,121.34,17-06-2011,35,14,49
18-06-2011,18,32.7,39.4,27,51,53.52,128.34,18-06-2011,40,19,59
19-06-2011,19,32.8,40.6,26.9,50,56.76,134.17,19-06-2011,40,17,57
20-06-2011,20,31.2,40.6,26.8,60,65.12,149.21,20-06-2011,33,16,49
21-06-2011,21,29.6,37.3,22.8,69,58.73,137.71,21-06-2011,28,21,49
22-06-2011,22,29.6,37.3,26,76,64.22,147.60,22-06-2011,36,20,56
23-06-2011,23,27.3,37.3,25,93,79.87,175.77,23-06-2011,31,21,52
24-06-2011,24,29.3,34.6,25,84,57.38,135.28,24-06-2011,33,10,43
25-06-2011,25,30.7,35.4,25,71,52.44,126.40,25-06-2011,30,19,49
26-06-2011,26,29.2,35.4,24.4,82,59.78,139.61,26-06-2011,33,24,57
27-06-2011,27,28.4,34.2,26.9,88,58.12,136.61,27-06-2011,42,26,68
28-06-2011,28,27.4,33.6,26,94,59.03,138.25,28-06-2011,34,26,60
29-06-2011,29,28.4,33.8,25.4,84,53.70,128.66,29-06-2011,38,22,60
30-06-2011,30,30.9,34.8,26.2,63,45.91,114.64,30-06-2011,34,21,55
01-03-2012,1,20.9,29.7,12.6,34,28.78,83.80,01-03-2012,31,24,55
02-03-2012,2,21.7,30.2,14.4,36,29.48,85.06,02-03-2012,53,23,76
03-03-2012,3,23.7,31.6,14.8,37,31.25,88.25,03-03-2012,45,27,72
04-03-2012,4,25.7,33.4,15.9,37,33.77,92.78,04-03-2012,33,23,56
05-03-2012,5,25.7,33.4,19.5,29,32.35,90.23,05-03-2012,47,30,77
06-03-2012,6,23.8,33.4,12.4,33,33.00,91.40,06-03-2012,47,27,74
07-03-2012,7,21.7,29.7,14,22,28.06,82.51,07-03-2012,37,25,62
08-03-2012,8,19.3,28.9,12,14,27.29,81.12,08-03-2012,47,29,76
09-03-2012,9,18.3,26.7,11,27,26.13,79.03,09-03-2012,43,26,69
10-03-2012,10,19.1,27,10,25,26.24,79.23,10-03-2012,44,23,67
11-03-2012,11,21.1,28.6,12.4,22,27.22,81.00,11-03-2012,49,22,71
12-03-2012,12,22.4,29.5,15,26,28.07,82.53,12-03-2012,42,19,61
13-03-2012,13,21,29.5,15,30,28.30,82.94,13-03-2012,46,27,73
14-03-2012,14,20.6,28.8,13,29,27.66,81.78,14-03-2012,45,25,70
15-03-2012,15,22.2,31.3,12.9,32,30.25,86.46,15-03-2012,40,27,67
16-03-2012,16,24.6,34.4,15.6,33,34.43,93.97,16-03-2012,51,28,79
17-03-2012,17,27.5,35.4,19,31,35.48,95.87,17-03-2012,47,39,86
18-03-2012,18,28.2,37,20.4,33,38.68,101.62,18-03-2012,53,23,76
19-03-2012,19,28.9,38.4,20,24,38.22,100.80,19-03-2012,42,24,66
20-03-2012,20,27,38.4,20.8,19,36.96,98.52,20-03-2012,44,31,75
21-03-2012,21,21.6,33.7,13,18,31.50,88.69,21-03-2012,38,22,60
22-03-2012,22,22.2,30.1,12.6,20,28.32,82.98,22-03-2012,37,24,61
23-03-2012,23,24.5,33.3,14.2,21,31.32,88.38,23-03-2012,48,21,69
24-03-2012,24,26.1,34.8,15.8,20,32.82,91.08,24-03-2012,42,19,61
25-03-2012,25,27.9,37,18,21,35.58,96.05,25-03-2012,47,24,71
26-03-2012,26,28.7,37.1,20.7,22,35.91,96.64,26-03-2012,52,33,85
27-03-2012,27,29.7,37.1,21.9,28,37.35,99.23,27-03-2012,40,21,61
28-03-2012,28,29.7,36.7,22,22,35.39,95.70,28-03-2012,48,22,70
29-03-2012,29,28.7,36.6,22,27,36.33,97.40,29-03-2012,45,21,66
30-03-2012,30,29,37,21,29,37.47,99.44,30-03-2012,39,26,65
31-03-2012,31,30.7,37.9,24.5,26,38.03,100.46,31-03-2012,46,27,73
01-04-2012,1,30.8,39.7,24,28,41.73,107.11,01-04-2012,45,28,73
02-04-2012,2,30.6,40,24.4,30,43.13,109.64,02-04-2012,38,28,66
03-04-2012,3,32.3,40,24,27,41.86,107.35,03-04-2012,44,19,63
04-04-2012,4,33.1,39.9,24.6,25,40.92,105.65,04-04-2012,46,28,74
05-04-2012,5,31.4,38.6,26,26,39.14,102.44,05-04-2012,39,32,71
06-04-2012,6,30.4,38.8,24,27,39.79,103.63,06-04-2012,31,26,57
07-04-2012,7,31.7,39.1,21.8,25,39.61,103.30,07-04-2012,49,20,69
08-04-2012,8,31.3,39.7,23.9,28,41.73,107.11,08-04-2012,47,30,77
09-04-2012,9,31.3,39.7,24,25,40.59,105.06,09-04-2012,46,28,74
10-04-2012,10,31.4,39.4,23,26,40.45,104.80,10-04-2012,38,32,70
11-04-2012,11,28.9,39.3,21,37,44.96,112.92,11-04-2012,34,24,58
12-04-2012,12,28.2,38.4,20.6,40,44.35,111.82,12-04-2012,37,17,54
13-04-2012,13,26.9,35.3,20,46,39.84,103.70,13-04-2012,42,26,68
14-04-2012,14,26.3,35.4,19,55,43.83,110.89,14-04-2012,33,19,52
15-04-2012,15,26.6,33.2,20.1,44,35.05,95.09,15-04-2012,27,24,51
16-04-2012,16,28.9,36.2,20.2,35,37.88,100.19,16-04-2012,46,27,73
17-04-2012,17,27.9,36.5,21.1,46,42.60,108.68,17-04-2012,40,24,64
18-04-2012,18,29.1,36.5,21.4,43,41.33,106.40,18-04-2012,46,22,68
19-04-2012,19,30.8,37.1,22.5,38,40.64,105.15,19-04-2012,41,20,61
20-04-2012,20,26.5,37.1,22,50,46.05,114.89,20-04-2012,45,30,75
21-04-2012,21,28.2,34.8,21.4,39,36.56,97.81,21-04-2012,25,26,51
22-04-2012,22,29.2,35,22.4,32,35.11,95.20,22-04-2012,35,23,58
23-04-2012,23,29.2,36.1,21,31,36.57,97.83,23-04-2012,30,16,46
24-04-2012,24,28.7,36.8,22,36,39.31,102.76,24-04-2012,39,18,57
25-04-2012,25,29.3,36.8,22,34,38.64,101.55,25-04-2012,43,26,69
26-04-2012,26,28,36.7,23.8,41,40.97,105.74,26-04-2012,40,19,59
27-04-2012,27,29.4,36.7,22,34,38.46,101.23,27-04-2012,42,16,58
28-04-2012,28,31,37.1,23,22,35.91,96.64,28-04-2012,37,29,66
29-04-2012,29,31.1,38.2,23,17,36.30,97.33,29-04-2012,41,27,68
30-04-2012,30,31,38,22.8,20,36.66,97.99,30-04-2012,42,24,66
01-05-2012,1,29.6,38,23.9,24,37.63,99.74,01-05-2012,37,23,60
02-05-2012,2,31.1,37.9,24,21,36.75,98.15,02-05-2012,51,22,73
03-05-2012,3,31.4,39.2,23.7,22,38.83,101.89,03-05-2012,40,18,58
04-05-2012,4,31.4,39.2,24.3,27,40.47,104.84,04-05-2012,50,19,69
05-05-2012,5,32.6,40.8,21,24,42.04,107.66,05-05-2012,37,22,59
06-05-2012,6,32.9,40.8,24.4,29,44.24,111.63,06-05-2012,48,34,82
07-05-2012,7,32.1,40.8,25,36,47.93,118.28,07-05-2012,32,21,53
08-05-2012,8,30.6,40.8,20.8,43,52.33,126.20,08-05-2012,41,29,70
09-05-2012,9,32.1,41,25.7,35,47.83,118.10,09-05-2012,31,14,45
10-05-2012,10,31,41.7,25,45,56.51,133.72,10-05-2012,53,23,76
11-05-2012,11,28.6,41.7,24.8,55,65.02,149.04,11-05-2012,48,22,70
12-05-2012,12,27.6,40.7,21.6,54,60.30,140.54,12-05-2012,54,22,76
13-05-2012,13,30.3,37.8,20.8,42,43.89,110.99,13-05-2012,38,19,57
14-05-2012,14,30.8,37.1,24.4,34,39.19,102.54,14-05-2012,31,19,50
15-05-2012,15,33.4,39.7,24.4,31,42.99,109.38,15-05-2012,47,25,72
16-05-2012,16,34.8,41.8,27,29,46.26,115.26,16-05-2012,51,26,77
17-05-2012,17,33.1,41.8,26.5,34,49.14,120.45,17-05-2012,49,34,83
18-05-2012,18,33.7,41.6,26.6,29,45.85,114.52,18-05-2012,43,26,69
19-05-2012,19,33.3,41.6,27,30,46.38,115.48,19-05-2012,37,22,59
20-05-2012,20,34.6,41.6,27,27,44.82,112.68,20-05-2012,30,29,59
21-05-2012,21,34.7,42,29.2,25,44.59,112.26,21-05-2012,40,21,61
22-05-2012,22,34.9,42,29,24,44.11,111.40,22-05-2012,36,17,53
23-05-2012,23,35.7,42.4,27.9,23,44.33,111.80,23-05-2012,49,33,82
24-05-2012,24,35.8,43,28.4,21,44.39,111.90,24-05-2012,48,20,68
25-05-2012,25,36.4,43.8,29.4,25,48.02,118.44,25-05-2012,57,30,87
26-05-2012,26,35.9,43.8,30.6,22,46.28,115.31,26-05-2012,47,31,78
27-05-2012,27,35.9,41.9,29.6,21,42.60,108.67,27-05-2012,56,25,81
28-05-2012,28,35.7,42.7,27.8,24,45.37,113.66,28-05-2012,51,30,81
29-05-2012,29,36.8,43.1,30.2,25,46.66,115.98,29-05-2012,45,21,66
30-05-2012,30,37.4,44.2,30.5,25,48.82,119.88,30-05-2012,45,37,82
31-05-2012,31,37.8,45.2,31.4,27,52.32,126.18,31-05-2012,53,36,89
01-06-2012,1,36.7,45.2,31.7,31,55.43,131.78,01-06-2012,59,43,102
02-06-2012,2,36.3,43.5,30.6,33,52.65,126.77,02-06-2012,53,33,86
03-06-2012,3,34.8,42.7,29.2,35,52.03,125.65,03-06-2012,40,22,62
04-06-2012,4,34.2,41.4,28.8,39,51.32,124.37,04-06-2012,47,30,77
05-06-2012,5,34.8,41.5,29,32,47.27,117.08,05-06-2012,40,21,61
06-06-2012,6,33.9,41.5,27.5,31,46.71,116.08,06-06-2012,44,24,68
07-06-2012,7,32.8,41.4,27.3,36,49.40,120.92,07-06-2012,34,25,59
08-06-2012,8,33.1,39.7,27.5,37,45.88,114.58,08-06-2012,41,19,60
09-06-2012,9,33.7,40.3,28.5,37,47.30,117.14,09-06-2012,44,16,60
10-06-2012,10,34.8,41,28.4,32,46.17,115.10,10-06-2012,39,18,57
11-06-2012,11,34.1,41,29,39,50.26,122.46,11-06-2012,49,17,66
12-06-2012,12,35,40.6,28.8,37,48.03,118.45,12-06-2012,41,13,54
13-06-2012,13,35.8,41.3,29.4,34,47.96,118.32,13-06-2012,51,19,70
14-06-2012,14,34.6,41.3,29.4,40,51.71,125.09,14-06-2012,45,22,67
15-06-2012,15,32,40.8,19.6,57,63.25,145.85,15-06-2012,33,17,50
16-06-2012,16,35.1,40.6,27.7,48,55.26,131.47,16-06-2012,43,27,70
17-06-2012,17,33.7,40.6,28.4,53,59.12,138.41,17-06-2012,33,16,49
18-06-2012,18,31.4,41.3,27.6,60,68.10,154.58,18-06-2012,40,11,51
19-06-2012,19,34.2,41.3,26.4,43,53.79,128.83,19-06-2012,26,19,45
20-06-2012,20,35.3,41.4,28.6,43,54.09,129.36,20-06-2012,36,27,63
21-06-2012,21,34.4,41.7,28,42,54.25,129.66,21-06-2012,38,23,61
22-06-2012,22,35,41.7,28.7,40,52.82,127.08,22-06-2012,46,18,64
23-06-2012,23,34.7,41.6,29.7,43,54.69,130.44,23-06-2012,41,16,57
24-06-2012,24,35.1,41.1,29.5,43,53.20,127.77,24-06-2012,47,22,69
25-06-2012,25,34.9,41.1,29.9,41,51.83,125.30,25-06-2012,46,21,67
26-06-2012,26,33.9,40,28.6,44,50.70,123.26,26-06-2012,53,20,73
27-06-2012,27,33.4,39,27.8,45,48.52,119.34,27-06-2012,30,24,54
28-06-2012,28,34.6,39.8,28.6,42,48.92,120.06,28-06-2012,46,20,66
29-06-2012,29,35.7,41.4,28.4,36,49.40,120.92,29-06-2012,46,19,65
30-06-2012,30,36.1,42.7,28.9,34,51.34,124.42,30-06-2012,44,20,64
01-03-2013,1,19,26.9,11,37,26.65,79.97,01-03-2013,32,24,56
02-03-2013,2,21.2,29.8,11,33,28.79,83.83,02-03-2013,36,19,55
03-03-2013,3,22.5,31.1,14,26,29.50,85.11,03-03-2013,36,24,60
04-03-2013,4,23.6,32.8,13.5,24,31.06,87.91,04-03-2013,38,23,61
05-03-2013,5,24.4,32.9,16.8,28,31.61,88.90,05-03-2013,31,24,55
06-03-2013,6,24.6,33.1,15.4,30,32.12,89.82,06-03-2013,36,27,63
07-03-2013,7,22.9,33.1,16,30,32.12,89.82,07-03-2013,37,21,58
08-03-2013,8,24.7,33.1,16.3,25,31.49,88.68,08-03-2013,35,21,56
09-03-2013,9,25.9,34.9,17.5,23,33.32,91.97,09-03-2013,38,23,61
10-03-2013,10,26.1,34.9,19.2,20,32.93,91.28,10-03-2013,37,20,57
11-03-2013,11,24.8,33.7,15.5,20,31.65,88.97,11-03-2013,35,25,60
12-03-2013,12,26.1,33.4,17.8,29,32.35,90.23,12-03-2013,37,26,63
13-03-2013,13,26.9,34,21,32,33.65,92.57,13-03-2013,37,25,62
14-03-2013,14,24.9,34,19,36,34.47,94.05,14-03-2013,39,22,61
15-03-2013,15,24.9,31.9,18.5,28,30.49,86.88,15-03-2013,35,23,58
16-03-2013,16,23.4,31.9,16.8,38,31.80,89.24,16-03-2013,35,18,53
17-03-2013,17,24.4,32.1,17,35,31.60,88.87,17-03-2013,39,24,63
18-03-2013,18,25.8,34.8,17.9,30,34.39,93.90,18-03-2013,42,25,67
19-03-2013,19,27.3,35.9,18.2,23,34.55,94.19,19-03-2013,35,22,57
20-03-2013,20,28.1,35.9,20.6,27,35.32,95.58,20-03-2013,35,32,67
21-03-2013,21,27.7,35.8,20,29,35.62,96.12,21-03-2013,41,31,72
22-03-2013,22,27.6,34.9,19.4,29,34.33,93.79,22-03-2013,47,25,72
23-03-2013,23,28.5,35.7,22.4,25,34.65,94.37,23-03-2013,52,33,85
24-03-2013,24,27.4,35.7,22,30,35.70,96.27,24-03-2013,40,30,70
25-03-2013,25,25.7,34,20,30,33.29,91.91,25-03-2013,37,18,55
26-03-2013,26,24.6,32.1,19.6,29,30.82,87.47,26-03-2013,38,29,67
27-03-2013,27,26.3,32.9,19,28,31.61,88.90,27-03-2013,35,21,56
28-03-2013,28,25.9,34.7,19,40,36.67,98.00,28-03-2013,46,19,65
29-03-2013,29,24.7,34.7,18.8,47,38.89,102.00,29-03-2013,36,22,58
30-03-2013,30,25.2,31.9,18.7,41,32.31,90.16,30-03-2013,45,16,61
31-03-2013,31,26.9,33.3,18.6,33,32.86,91.15,31-03-2013,35,19,54
01-04-2013,1,28.8,36.2,20,25,35.32,95.58,01-04-2013,40,29,69
02-04-2013,2,28.3,36.4,21.6,29,36.53,97.75,02-04-2013,44,29,73
03-04-2013,3,25.1,36.4,19.4,43,41.11,106.00,03-04-2013,44,30,74
04-04-2013,4,26.9,33.6,19,31,32.92,91.26,04-04-2013,39,24,63
05-04-2013,5,28.1,34.8,19.2,22,33.06,91.52,05-04-2013,46,26,72
06-04-2013,6,28.5,36.4,19.4,20,34.66,94.40,06-04-2013,46,30,76
07-04-2013,7,30.4,38.1,20.4,19,36.57,97.83,07-04-2013,52,36,88
08-04-2013,8,30.9,38.1,23.2,20,36.79,98.22,08-04-2013,51,30,81
09-04-2013,9,30.1,37.7,25,22,36.71,98.08,09-04-2013,35,23,58
10-04-2013,10,30.4,36.7,23,25,36.01,96.82,10-04-2013,51,30,81
11-04-2013,11,30.7,36.7,25.4,22,35.39,95.70,11-04-2013,38,11,49
12-04-2013,12,30.6,36.1,24.8,23,34.80,94.65,12-04-2013,45,29,74
13-04-2013,13,30.3,38.3,25,25,38.36,101.05,13-04-2013,44,32,76
14-04-2013,14,29.4,37.6,23.4,28,38.14,100.65,14-04-2013,46,31,77
15-04-2013,15,30.8,37.8,22.8,23,37.09,98.76,15-04-2013,43,31,74
16-04-2013,16,32.8,40.2,22.8,17,38.77,101.79,16-04-2013,51,27,78
17-04-2013,17,30.5,38.3,23,17,36.42,97.55,17-04-2013,40,30,70
18-04-2013,18,29.3,38.3,22.4,20,37.05,98.70,18-04-2013,56,30,86
19-04-2013,19,30.2,37.9,22.4,22,36.98,98.57,19-04-2013,48,23,71
20-04-2013,20,30.2,38,22.4,22,37.12,98.82,20-04-2013,44,19,63
21-04-2013,21,26.3,38,20.2,42,44.36,111.85,21-04-2013,49,28,77
22-04-2013,22,26.6,35.4,20,49,41.23,106.21,22-04-2013,49,16,65
23-04-2013,23,29.1,35,22.8,39,36.92,98.46,23-04-2013,52,19,71
24-04-2013,24,30.9,37.6,24,34,40.12,104.22,24-04-2013,36,27,63
25-04-2013,25,29.7,38.4,24.6,40,44.35,111.82,25-04-2013,50,30,80
26-04-2013,26,31.9,38.7,23.9,33,41.87,107.36,26-04-2013,47,23,70
27-04-2013,27,32.3,39.2,25.6,28,40.84,105.50,27-04-2013,42,20,62
28-04-2013,28,31.5,39.2,25,26,40.11,104.21,28-04-2013,46,29,75
29-04-2013,29,33.6,39.5,24.6,21,38.97,102.14,29-04-2013,32,21,53
30-04-2013,30,33.5,39.5,28.6,17,37.88,100.19,30-04-2013,53,23,76
01-05-2013,1,32.2,39.4,27,9,35.54,95.96,01-05-2013,52,21,73
02-05-2013,2,31.4,38.8,23.9,10,35.25,95.45,02-05-2013,58,27,85
03-05-2013,3,31.1,39.4,22.2,14,37.10,98.78,03-05-2013,55,30,85
04-05-2013,4,33.9,41.6,23.4,17,40.62,105.12,04-05-2013,53,26,79
05-05-2013,5,35.5,42.3,29,18,41.97,107.55,05-05-2013,52,24,76
06-05-2013,6,35.3,42.3,29.3,15,40.85,105.53,06-05-2013,36,34,70
07-05-2013,7,35.2,41.8,27,14,39.90,103.82,07-05-2013,55,32,87
08-05-2013,8,35.3,42.9,26.3,15,41.63,106.93,08-05-2013,43,29,72
09-05-2013,9,34.2,42.9,28.8,16,42.02,107.63,09-05-2013,38,21,59
10-05-2013,10,32.9,42,27,21,42.76,108.96,10-05-2013,52,26,78
11-05-2013,11,28.4,39.8,24,42,48.92,120.06,11-05-2013,56,25,81
12-05-2013,12,27.6,36.4,23.8,51,44.65,112.37,12-05-2013,31,24,55
13-05-2013,13,31.8,38.7,23,32,41.46,106.63,13-05-2013,43,20,63
14-05-2013,14,34.1,41.1,25.5,21,41.34,106.42,14-05-2013,46,26,72
15-05-2013,15,33.9,41.1,27,23,42.13,107.83,15-05-2013,43,26,69
16-05-2013,16,35.2,42.8,27.2,19,43.14,109.65,16-05-2013,57,29,86
17-05-2013,17,36.3,43.5,29,18,43.75,110.74,17-05-2013,34,41,75
18-05-2013,18,38.2,44.6,32,16,44.40,111.91,18-05-2013,58,34,92
19-05-2013,19,37.4,44.6,31.8,11,42.10,107.78,19-05-2013,59,25,84
20-05-2013,20,37.2,44.6,31,13,42.97,109.34,20-05-2013,40,37,77
21-05-2013,21,36.8,44.2,31,12,42.01,107.62,21-05-2013,55,35,90
22-05-2013,22,36.1,44.1,31,13,42.35,108.22,22-05-2013,58,31,89
23-05-2013,23,37.3,43.9,30.8,21,45.91,114.64,23-05-2013,47,31,78
24-05-2013,24,37.7,44.4,31.8,23,47.97,118.34,24-05-2013,56,20,76
25-05-2013,25,36.4,44.4,31,22,47.36,117.26,25-05-2013,65,25,90
26-05-2013,26,35.4,43.4,30,27,48.43,119.17,26-05-2013,49,30,79
27-05-2013,27,35.9,41.8,31.4,28,45.73,114.31,27-05-2013,56,28,84
28-05-2013,28,36.2,41.9,32,22,43.03,109.45,28-05-2013,58,34,92
29-05-2013,29,36.4,42.5,31.4,20,43.11,109.61,29-05-2013,53,28,81
30-05-2013,30,36.1,42.6,29,14,40.88,105.58,30-05-2013,47,20,67
31-05-2013,31,35.9,42.7,27.9,15,41.37,106.46,31-05-2013,48,25,73
01-06-2013,1,34.6,42.7,28,32,50.02,122.03,01-06-2013,35,28,63
02-06-2013,2,34.8,41.7,28,34,48.90,120.02,02-06-2013,49,23,72
03-06-2013,3,34.7,43.1,29.1,35,53.07,127.52,03-06-2013,42,21,63
04-06-2013,4,35.9,43.9,27.3,34,54.43,129.97,04-06-2013,48,30,78
05-06-2013,5,38.1,44,30.2,27,49.70,121.45,05-06-2013,50,30,80
06-06-2013,6,36.9,44,26,32,53.18,127.72,06-06-2013,60,41,101
07-06-2013,7,33.6,43.9,24.6,44,62.94,145.29,07-06-2013,63,36,99
08-06-2013,8,33.8,42.3,29,44,57.63,135.73,08-06-2013,62,36,98
09-06-2013,9,33.1,42.3,25.6,49,61.86,143.34,09-06-2013,55,28,83
10-06-2013,10,31.6,41.4,25.6,62,70.52,158.93,10-06-2013,66,30,96
11-06-2013,11,27.2,37,23.8,84,69.54,157.17,11-06-2013,60,25,85
12-06-2013,12,29.8,36,23.6,75,57.54,135.56,12-06-2013,56,29,85
13-06-2013,13,31.2,36,27,67,52.24,126.03,13-06-2013,44,28,72
14-06-2013,14,30.6,37,26.6,64,54.02,129.23,14-06-2013,47,25,72
15-06-2013,15,31.7,37,28,58,50.22,122.40,15-06-2013,35,29,64
16-06-2013,16,29.1,36.4,26,73,57.84,136.12,16-06-2013,51,19,70
17-06-2013,17,29.7,37,25,68,56.77,134.18,17-06-2013,55,27,82
18-06-2013,18,26.5,37,24.2,78,64.42,147.96,18-06-2013,58,25,83
19-06-2013,19,31.3,38,24,54,51.00,123.80,19-06-2013,34,35,69
20-06-2013,20,31.6,39.1,23,58,57.54,135.57,20-06-2013,46,34,80
21-06-2013,21,34.4,39.1,23.7,43,47.65,117.76,21-06-2013,37,19,56
22-06-2013,22,34.3,41,30,42,52.23,126.01,22-06-2013,45,28,73
23-06-2013,23,34.5,41,29.3,42,52.23,126.01,23-06-2013,42,18,60
24-06-2013,24,34.6,40.8,29,45,53.72,128.69,24-06-2013,38,21,59
25-06-2013,25,32.4,40.8,25.6,56,62.38,144.28,25-06-2013,53,20,73
26-06-2013,26,29.7,40,22.6,70,71.89,161.40,26-06-2013,46,21,67
27-06-2013,27,31.4,38.2,25.4,65,59.40,138.92,27-06-2013,40,24,64
28-06-2013,28,32.4,37.9,27.4,56,51.94,125.49,28-06-2013,42,18,60
29-06-2013,29,32.1,38,28.6,56,52.27,126.09,29-06-2013,44,14,58
30-06-2013,30,32.7,37,29,54,47.91,118.24,30-06-2013,43,25,68
01-03-2014,1,16.4,22.8,10.5,69,23.00,73.40,01-03-2014,33,20,53
02-03-2014,2,17.1,24,11.6,57,24.00,75.20,02-03-2014,40,21,61
03-03-2014,3,18.3,25.9,10.4,51,26.00,78.80,03-03-2014,38,25,63
04-03-2014,4,20.2,26.6,13,43,27.00,80.60,04-03-2014,37,26,63
05-03-2014,5,20.7,27.7,14.8,45,27.74,81.94,05-03-2014,38,28,66
06-03-2014,6,20.6,28.6,13.2,48,28.94,84.10,06-03-2014,37,26,63
07-03-2014,7,21.4,28.6,13.5,41,28.29,82.93,07-03-2014,43,20,63
08-03-2014,8,22.4,29.8,13.9,40,29.46,85.03,08-03-2014,42,24,66
09-03-2014,9,23.4,30.3,16.4,39,29.92,85.86,09-03-2014,39,25,64
10-03-2014,10,22,31,16.8,54,33.45,92.20,10-03-2014,33,30,63
11-03-2014,11,21.8,31,16.2,58,34.36,93.84,11-03-2014,38,23,61
12-03-2014,12,21.1,29.2,15.3,44,29.22,84.59,12-03-2014,40,19,59
13-03-2014,13,21.3,28.8,14.4,32,27.82,82.08,13-03-2014,36,28,64
14-03-2014,14,22.3,30.1,13,32,29.00,84.21,14-03-2014,39,27,66
15-03-2014,15,24.4,32.8,17.6,32,32.04,89.68,15-03-2014,40,30,70
16-03-2014,16,25.9,34,16,33,33.84,92.92,16-03-2014,42,31,73
17-03-2014,17,27.5,35.6,20.7,30,35.55,96.00,17-03-2014,40,28,68
18-03-2014,18,25.8,35.6,20,28,35.11,95.20,18-03-2014,42,25,67
19-03-2014,19,24.4,31.8,17.8,29,30.48,86.87,19-03-2014,44,29,73
20-03-2014,20,25.1,33.6,15.9,27,32.31,90.16,20-03-2014,41,28,69
21-03-2014,21,26.3,33.7,18.7,24,32.05,89.69,21-03-2014,45,31,76
22-03-2014,22,27.3,33.9,21.2,27,32.68,90.82,22-03-2014,42,24,66
23-03-2014,23,26.4,35.1,21,42,38.03,100.46,23-03-2014,45,30,75
24-03-2014,24,22.9,35.1,9.1,62,46.35,115.43,24-03-2014,51,26,77
25-03-2014,25,25.9,32,17.5,51,34.61,94.29,25-03-2014,40,24,64
26-03-2014,26,26.8,32,21.1,47,33.67,92.61,26-03-2014,39,27,66
27-03-2014,27,26.4,32.8,22.4,47,35.09,95.16,27-03-2014,38,33,71
28-03-2014,28,27.4,35.3,22,39,37.47,99.45,28-03-2014,44,19,63
29-03-2014,29,27.9,35.3,21.3,38,37.17,98.91,29-03-2014,48,21,69
30-03-2014,30,26.6,33.9,21.3,31,33.33,91.99,30-03-2014,33,25,58
31-03-2014,31,26.7,33.2,19.4,28,31.97,89.54,31-03-2014,40,22,62
01-04-2014,1,27.8,35.6,19.6,27,34.90,94.83,01-04-2014,41,30,71
02-04-2014,2,29.8,37.1,22,23,36.12,97.02,02-04-2014,45,30,75
03-04-2014,3,27.3,37.1,21,30,37.92,100.25,03-04-2014,47,33,80
04-04-2014,4,29,37,20,27,36.93,98.47,04-04-2014,49,25,74
05-04-2014,5,30.6,38.8,21.2,27,39.79,103.63,05-04-2014,52,34,86
06-04-2014,6,30.7,38.8,23,21,37.98,100.36,06-04-2014,50,27,77
07-04-2014,7,29.3,38.1,22,34,41.09,105.96,07-04-2014,53,37,90
08-04-2014,8,27.4,37.4,21,24,36.77,98.18,08-04-2014,55,27,82
09-04-2014,9,27.9,34.8,19.6,18,32.62,90.71,09-04-2014,42,20,62
10-04-2014,10,29.3,36.9,20.2,15,34.52,94.14,10-04-2014,45,37,82
11-04-2014,11,29.7,37.7,19.8,16,35.54,95.97,11-04-2014,48,21,69
12-04-2014,12,30.6,39,22.4,15,36.84,98.32,12-04-2014,50,28,78
13-04-2014,13,30.7,39,24.1,21,38.26,100.86,13-04-2014,50,32,82
14-04-2014,14,29.8,38.7,24.6,26,39.30,102.73,14-04-2014,51,23,74
15-04-2014,15,31.8,39.1,24.5,20,38.12,100.62,15-04-2014,52,27,79
16-04-2014,16,28.4,39.1,23,35,43.56,110.41,16-04-2014,47,33,80
17-04-2014,17,27.8,35,21.9,45,38.83,101.90,17-04-2014,47,27,74
18-04-2014,18,26.2,34.9,21.4,51,40.83,105.49,18-04-2014,44,25,69
19-04-2014,19,26.2,32.4,19.8,49,34.86,94.74,19-04-2014,48,20,68
20-04-2014,20,28.3,35.4,21,32,35.72,96.30,20-04-2014,46,30,76
21-04-2014,21,30.2,36.7,22.9,24,35.79,96.43,21-04-2014,55,23,78
22-04-2014,22,27.6,37.3,21,35,39.91,103.85,22-04-2014,49,31,80
23-04-2014,23,29.3,37.3,20.3,31,38.56,101.41,23-04-2014,48,26,74
24-04-2014,24,31.4,38,23.2,26,38.19,100.74,24-04-2014,55,33,88
25-04-2014,25,32.8,40.2,23.3,22,40.32,104.58,25-04-2014,56,35,91
26-04-2014,26,33.4,40.5,27,22,40.79,105.41,26-04-2014,46,21,67
27-04-2014,27,33.5,40.5,25.1,17,39.16,102.49,27-04-2014,42,20,62
28-04-2014,28,33.4,41,26,15,39.22,102.60,28-04-2014,56,31,87
29-04-2014,29,34.3,43,24.5,14,41.38,106.48,29-04-2014,54,40,94
01-05-2014,1,35.1,43.9,29.3,16,43.40,110.12,01-05-2014,58,32,90
02-05-2014,2,34.3,43.2,27,18,43.30,109.93,02-05-2014,61,26,87
03-05-2014,3,34.2,43,27.6,21,44.39,111.90,03-05-2014,49,25,74
04-05-2014,4,32.9,40.8,26,23,41.64,106.95,04-05-2014,45,31,76
05-05-2014,5,31,40.2,25.6,35,45.98,114.76,05-05-2014,67,24,91
06-05-2014,6,32.3,38.8,25.5,33,42.07,107.72,06-05-2014,50,26,76
07-05-2014,7,33.2,40.7,27.8,29,44.04,111.28,07-05-2014,43,34,77
08-05-2014,8,33.3,41.7,25.8,23,43.13,109.64,08-05-2014,49,22,71
09-05-2014,9,33.3,41.7,24.8,17,40.76,105.37,09-05-2014,53,24,77
10-05-2014,10,33.4,40.1,26.6,19,39.21,102.58,10-05-2014,50,30,80
11-05-2014,11,30.1,40,25,38,47.13,116.83,11-05-2014,44,20,64
12-05-2014,12,29.4,37.3,22,35,39.91,103.85,12-05-2014,48,31,79
13-05-2014,13,27.9,37.3,20.6,42,42.72,108.89,13-05-2014,40,30,70
14-05-2014,14,28.4,36.9,19.8,39,40.61,105.10,14-05-2014,43,24,67
15-05-2014,15,29.6,35.8,23.5,39,38.41,101.14,15-05-2014,39,31,70
16-05-2014,16,31.9,38,25.3,34,40.89,105.61,16-05-2014,37,33,70
17-05-2014,17,31.9,38.9,26.6,37,44.06,111.30,17-05-2014,39,34,73
18-05-2014,18,33.5,39.8,27.3,27,41.51,106.72,18-05-2014,33,24,57
19-05-2014,19,33.8,40.5,26.8,19,39.77,103.58,19-05-2014,44,29,73
20-05-2014,20,34.4,40.5,27,19,39.77,103.58,20-05-2014,50,27,77
21-05-2014,21,33.6,41,26.4,23,41.96,107.54,21-05-2014,51,29,80
22-05-2014,22,35.4,42.3,26.9,17,41.58,106.85,22-05-2014,42,21,63
23-05-2014,23,36.9,44,30.3,18,44.51,112.11,23-05-2014,49,23,72
24-05-2014,24,30.4,37.4,25,35,40.11,104.19,24-05-2014,47,25,72
25-05-2014,25,32.7,40.2,23.8,29,43.08,109.54,25-05-2014,38,32,70
26-05-2014,26,32.9,40.8,27,32,45.74,114.32,26-05-2014,51,24,75
27-05-2014,27,34.3,41,28.3,27,43.69,110.64,27-05-2014,50,34,84
28-05-2014,28,36.5,44.1,28,19,45.17,113.31,28-05-2014,56,14,70
29-05-2014,29,38.3,45.4,28.9,14,44.48,112.07,29-05-2014,49,26,75
30-05-2014,30,37.2,45.4,31.5,21,48.56,119.42,30-05-2014,62,25,87
31-05-2014,31,34.1,44.7,29,34,56.58,133.84,31-05-2014,69,35,104
01-06-2014,1,32.6,43.6,26,36,55.16,131.29,01-06-2014,70,33,103
02-06-2014,2,34.5,42.2,25.2,31,48.25,118.85,02-06-2014,53,35,88
03-06-2014,3,36.3,43.8,28.8,23,46.85,116.32,03-06-2014,45,31,76
04-06-2014,4,38,45.1,28.6,19,46.81,116.25,04-06-2014,45,30,75
05-06-2014,5,39.3,46.3,32.8,17,47.53,117.55,05-06-2014,58,28,86
06-06-2014,6,38.6,46.3,33,20,49.53,121.15,06-06-2014,61,43,104
07-06-2014,7,38.5,46.8,31.9,14,46.39,115.51,07-06-2014,59,34,93
08-06-2014,8,38.6,47,33.2,20,50.80,123.44,08-06-2014,61,38,99
09-06-2014,9,38.5,47,32.8,23,53.13,127.64,09-06-2014,63,43,106
10-06-2014,10,38.1,46.2,32,19,48.67,119.60,10-06-2014,65,35,100
11-06-2014,11,34.8,45.4,28,32,56.79,134.22,11-06-2014,73,37,110
12-06-2014,12,32.9,44,26.8,40,59.64,139.35,12-06-2014,73,34,107
13-06-2014,13,33.7,42.7,26.4,37,53.45,128.20,13-06-2014,60,24,84
14-06-2014,14,34.6,40.5,31,39,48.96,120.12,14-06-2014,48,22,70
15-06-2014,15,35.9,41.5,30.8,36,49.65,121.36,15-06-2014,46,23,69
16-06-2014,16,36.6,42.4,32,34,50.60,123.08,16-06-2014,52,19,71
17-06-2014,17,35.2,43.3,31,42,59.16,138.49,17-06-2014,65,27,92
18-06-2014,18,35.3,43.2,29,45,61.45,142.61,18-06-2014,67,38,105
19-06-2014,19,33.5,42,28,50,61.66,142.98,19-06-2014,68,40,108
20-06-2014,20,36,42.2,27.4,40,54.24,129.64,20-06-2014,64,37,101
21-06-2014,21,36.7,42.2,31.9,30,47.66,117.79,21-06-2014,55,20,75
22-06-2014,22,35.7,42,31.7,39,52.96,127.32,22-06-2014,54,30,84
23-06-2014,23,34.2,40.5,29.8,41,50.19,122.33,23-06-2014,49,24,73
24-06-2014,24,34.2,40,30,35,45.53,113.95,24-06-2014,44,26,70
25-06-2014,25,32.8,40.2,28,46,52.60,126.68,25-06-2014,50,23,73
26-06-2014,26,33.8,40.5,29.6,42,50.82,123.48,26-06-2014,47,21,68
27-06-2014,27,33.1,40.5,30,47,54.22,129.59,27-06-2014,64,37,101
28-06-2014,28,34.7,40.9,30.4,40,50.63,123.13,28-06-2014,54,22,76
29-06-2014,29,35.2,40.9,31,32,45.95,114.71,29-06-2014,53,20,73
30-06-2014,30,34.4,40.9,29.8,36,48.17,118.71,30-06-2014,51,27,78
01-03-2015,1,16.5,27,14.8,97,33.03,91.46,01-03-2015,42,24,66
02-03-2015,2,18,24,13.4,80,25.00,77.00,02-03-2015,41,29,70
03-03-2015,3,18.1,24.3,13,53,24.00,75.20,03-03-2015,41,32,73
04-03-2015,4,19.4,26.2,12.5,49,27.00,80.60,04-03-2015,42,29,71
05-03-2015,5,20.4,27.7,13.5,44,27.67,81.81,05-03-2015,42,30,72
06-03-2015,6,22.1,30,14.4,42,29.93,85.87,06-03-2015,42,29,71
07-03-2015,7,22.3,30,16.4,50,31.05,87.89,07-03-2015,45,24,69
08-03-2015,8,22.1,29.6,16.5,36,28.85,83.94,08-03-2015,45,25,70
09-03-2015,9,19,29.2,13,28,27.93,82.27,09-03-2015,40,24,64
10-03-2015,10,18.5,27.7,10,39,27.35,81.23,10-03-2015,41,23,64
11-03-2015,11,21.6,29.7,11.3,40,29.35,84.83,11-03-2015,44,25,69
12-03-2015,12,23.9,30.2,15.2,44,30.44,86.79,12-03-2015,43,24,67
13-03-2015,13,23.1,31,18.4,54,33.45,92.20,13-03-2015,45,26,71
14-03-2015,14,17.4,31,15,91,45.09,113.16,14-03-2015,43,19,62
15-03-2015,15,17.1,21,14,97,22.00,71.60,15-03-2015,44,24,68
16-03-2015,16,19.4,25.2,13.9,83,26.00,78.80,16-03-2015,40,26,66
17-03-2015,17,21.4,27.5,15.2,56,28.39,83.10,17-03-2015,42,28,70
18-03-2015,18,21.6,28,14.8,50,28.45,83.21,18-03-2015,47,27,74
19-03-2015,19,23,30,14.8,47,30.60,87.07,19-03-2015,45,30,75
20-03-2015,20,25.2,32.4,15.6,39,32.67,90.81,20-03-2015,48,28,76
21-03-2015,21,26.8,33.9,19.3,40,35.26,95.46,21-03-2015,49,30,79
22-03-2015,22,27.5,34.6,19.4,40,36.48,97.67,22-03-2015,48,32,80
23-03-2015,23,27.3,35.2,19.9,39,37.29,99.11,23-03-2015,50,33,83
24-03-2015,24,29.5,37.2,20.2,31,38.39,101.10,24-03-2015,52,39,91
25-03-2015,25,30.8,37.2,24.2,29,37.79,100.02,25-03-2015,52,38,90
26-03-2015,26,29.2,36.9,23,38,40.23,104.41,26-03-2015,48,41,89
27-03-2015,27,29.5,37.8,21.6,36,41.28,106.30,27-03-2015,50,41,91
28-03-2015,28,30.1,37.8,21.8,36,41.28,106.30,28-03-2015,52,40,92
29-03-2015,29,29.2,37.6,23,37,41.27,106.29,29-03-2015,53,46,99
30-03-2015,30,27.3,35,21,47,39.54,103.17,30-03-2015,45,40,85
31-03-2015,31,25.7,34,19.2,56,40.56,105.02,31-03-2015,42,24,66
01-04-2015,1,28.5,36.1,20.4,36,38.01,100.42,01-04-2015,40,33,73
02-04-2015,2,29,36.4,21.6,40,39.96,103.92,02-04-2015,43,32,75
03-04-2015,3,26.8,36.4,17.5,46,42.36,108.25,03-04-2015,49,33,82
04-04-2015,4,24.3,36,16.4,58,47.06,116.70,04-04-2015,48,35,83
05-04-2015,5,23.4,30.3,18,67,35.02,95.04,05-04-2015,47,40,87
06-04-2015,6,25.7,30,18.9,52,31.37,88.47,06-04-2015,38,42,80
07-04-2015,7,25.4,33,18.6,51,36.58,97.84,07-04-2015,46,38,84
08-04-2015,8,27.7,34.3,20.4,32,34.08,93.34,08-04-2015,51,40,91
09-04-2015,9,27.2,35.6,18.8,32,36.04,96.87,09-04-2015,45,38,83
10-04-2015,10,29.1,36.6,19.6,24,35.66,96.18,10-04-2015,45,37,82
11-04-2015,11,26.1,36.6,21.8,42,41.15,106.07,11-04-2015,53,39,92
12-04-2015,12,23.5,36.6,20.4,59,49.51,121.11,12-04-2015,59,38,97
13-04-2015,13,24.2,30.2,19.6,57,32.61,90.70,13-04-2015,45,33,78
14-04-2015,14,25.9,31,20.3,53,33.23,91.82,14-04-2015,40,32,72
15-04-2015,15,27.4,32.7,20.2,48,35.16,95.29,15-04-2015,37,30,67
16-04-2015,16,28.3,33.9,21.8,42,35.78,96.40,16-04-2015,40,31,71
17-04-2015,17,30.9,39,21.8,34,42.90,109.22,17-04-2015,44,34,78
18-04-2015,18,32.8,41.2,24.1,27,44.06,111.31,18-04-2015,54,40,94
19-04-2015,19,33.1,42.4,25,27,46.39,115.50,19-04-2015,46,41,87
20-04-2015,20,34.4,42.4,26.9,15,40.98,105.76,20-04-2015,49,41,90
21-04-2015,21,33.1,41.8,26,17,40.90,105.61,21-04-2015,49,38,87
22-04-2015,22,32.6,41,25,17,39.82,103.67,22-04-2015,49,37,86
23-04-2015,23,31.9,41,24,15,39.22,102.60,23-04-2015,50,35,85
24-04-2015,24,32.8,40.9,23.7,14,38.83,101.89,24-04-2015,51,40,91
25-04-2015,25,33.1,41.8,25,19,41.64,106.94,25-04-2015,52,40,92
26-04-2015,26,31.2,41.8,24.3,37,51.05,123.90,26-04-2015,58,42,100
27-04-2015,27,33.8,42,25.4,26,45.09,113.16,27-04-2015,53,33,86
28-04-2015,28,33.8,42,27.2,23,43.64,110.56,28-04-2015,38,30,68
29-04-2015,29,32.8,42,26.5,26,45.09,113.16,29-04-2015,40,31,71
30-04-2015,30,34.4,43.6,25.8,19,44.38,111.88,30-04-2015,41,40,81
01-05-2015,1,32.8,43.6,25.2,18,43.90,111.01,01-05-2015,36,27,63
02-05-2015,2,33.3,40.2,25.6,18,39.06,102.30,02-05-2015,38,43,81
03-05-2015,3,34,41.4,22.4,15,39.71,103.49,03-05-2015,41,32,73
04-05-2015,4,34.7,42.3,26.4,13,40.18,104.32,04-05-2015,41,36,77
05-05-2015,5,34.2,43.1,25.4,14,41.50,106.70,05-05-2015,47,37,84
06-05-2015,6,35.7,43.7,26.9,11,40.96,105.72,06-05-2015,46,45,91
07-05-2015,7,35.8,43.7,24.2,12,41.40,106.52,07-05-2015,53,42,95
08-05-2015,8,34.6,43.6,28.2,15,42.55,108.59,08-05-2015,40,36,76
09-05-2015,9,33.3,42.4,28,16,41.34,106.42,09-05-2015,40,45,85
10-05-2015,10,33.7,42.4,26.8,25,45.33,113.60,10-05-2015,41,34,75
11-05-2015,11,31.8,41.4,26,36,49.40,120.92,11-05-2015,44,38,82
12-05-2015,12,31.3,41.1,25.6,37,49.26,120.68,12-05-2015,36,32,68
13-05-2015,13,32.4,39.3,26.6,32,42.63,108.74,13-05-2015,40,33,73
14-05-2015,14,30.7,39.3,25,36,44.47,112.04,14-05-2015,44,32,76
15-05-2015,15,32.8,39,24.4,28,40.49,104.88,15-05-2015,36,36,72
16-05-2015,16,34,41.9,26.3,26,44.90,112.82,16-05-2015,41,34,75
17-05-2015,17,35.5,43.8,26.4,21,45.74,114.33,17-05-2015,41,25,66
18-05-2015,18,37.4,45.9,28.8,15,45.72,114.29,18-05-2015,43,26,69
19-05-2015,19,33.3,45.9,27,32,58.13,136.63,19-05-2015,55,44,99
20-05-2015,20,32.8,45.2,26.6,37,60.64,141.16,20-05-2015,61,47,108
21-05-2015,21,34.3,44,28,27,49.70,121.45,21-05-2015,42,33,75
22-05-2015,22,36.5,44,27.3,18,44.51,112.11,22-05-2015,42,38,80
23-05-2015,23,37.6,45.1,30.8,17,45.66,114.19,23-05-2015,46,31,77
24-05-2015,24,37,45.1,30.8,22,48.66,119.58,24-05-2015,42,33,75
25-05-2015,25,37.9,44.5,31.2,21,46.95,116.52,25-05-2015,34,23,57
26-05-2015,26,36.6,44.7,28,18,45.59,114.07,26-05-2015,43,36,79
27-05-2015,27,36.6,44.8,26.5,8,41.12,106.02,27-05-2015,37,34,71
28-05-2015,28,36.5,44.8,28.4,22,48.10,118.58,28-05-2015,42,30,72
29-05-2015,29,36.9,44.7,30,20,46.72,116.09,29-05-2015,44,37,81
30-05-2015,30,37.1,43.9,29.4,21,45.91,114.64,30-05-2015,43,29,72
31-05-2015,31,36.4,44,29,18,44.51,112.11,31-05-2015,46,40,86
01-06-2015,1,33.3,44,26,25,48.42,119.16,01-06-2015,44,21,65
02-06-2015,2,33.4,41.8,23.4,27,45.21,113.38,02-06-2015,43,36,79
03-06-2015,3,30.1,40.4,23,39,48.70,119.66,03-06-2015,42,31,73
04-06-2015,4,29.9,39.7,23,44,49.86,121.75,04-06-2015,38,30,68
05-06-2015,5,33.7,40,25.4,28,42.27,108.09,05-06-2015,37,29,66
06-06-2015,6,34.7,40.7,28,26,42.70,108.85,06-06-2015,32,18,50
07-06-2015,7,36.8,44,27.5,19,45.01,113.03,07-06-2015,40,33,73
08-06-2015,8,38.3,46,29.6,16,46.45,115.61,08-06-2015,44,39,83
09-06-2015,9,32.8,46,30,37,63.12,145.61,09-06-2015,46,40,86
10-06-2015,10,32.6,38.8,28,46,48.55,119.39,10-06-2015,45,35,80
11-06-2015,11,29.1,38.8,25,67,63.55,146.39,11-06-2015,56,43,99
12-06-2015,12,32.7,39.8,25.4,48,52.74,126.93,12-06-2015,50,41,91
13-06-2015,13,31.8,41.2,25,50,58.81,137.87,13-06-2015,60,47,107
14-06-2015,14,28.3,41.2,24.6,71,79.11,174.39,14-06-2015,54,44,98
15-06-2015,15,31.6,37.7,25,51,48.29,118.93,15-06-2015,41,47,88
16-06-2015,16,32.3,40.6,27.4,49,56.00,132.80,16-06-2015,51,36,87
17-06-2015,17,34.8,40.9,28.5,35,47.60,117.67,17-06-2015,41,25,66
18-06-2015,18,35.9,41.6,29.6,33,48.07,118.53,18-06-2015,40,40,80
19-06-2015,19,36.9,43.4,31,32,51.70,125.05,19-06-2015,44,30,74
20-06-2015,20,35.2,43.4,27.4,42,59.48,139.06,20-06-2015,56,23,79
21-06-2015,21,35.2,42.2,27,46,58.94,138.09,21-06-2015,52,34,86
22-06-2015,22,32.9,40.3,29,51,56.50,133.71,22-06-2015,52,24,76
23-06-2015,23,31.3,41.4,27.6,58,66.61,151.90,23-06-2015,51,33,84
24-06-2015,24,28,41.4,25.6,81,92.33,198.20,24-06-2015,47,32,79
25-06-2015,25,28.9,37,25,70,58.21,136.78,25-06-2015,43,40,83
26-06-2015,26,29.9,36.8,25,67,55.28,131.51,26-06-2015,39,25,64
27-06-2015,27,31.7,38,26.6,59,54.27,129.69,27-06-2015,45,19,64
28-06-2015,28,33.7,40.6,27.7,46,53.82,128.87,28-06-2015,40,26,66
29-06-2015,29,30.5,40.6,24,64,68.86,155.94,29-06-2015,51,29,80
30-06-2015,30,26.7,40.1,22,87,91.43,196.57,30-06-2015,57,38,95
